run_name,method,seed,target_sparsity,name,zeros,nonzeros,numel,sparsity
dense-lr3e-4-seed0,dense,0,0.0,blocks.0.attn.k_proj.weight,0,147456,147456,0.0
dense-lr3e-4-seed0,dense,0,0.0,blocks.0.attn.o_proj.weight,0,147456,147456,0.0
dense-lr3e-4-seed0,dense,0,0.0,blocks.0.attn.q_proj.weight,0,147456,147456,0.0
dense-lr3e-4-seed0,dense,0,0.0,blocks.0.attn.v_proj.weight,0,147456,147456,0.0
dense-lr3e-4-seed0,dense,0,0.0,blocks.0.mlp.down_proj.weight,0,393216,393216,0.0
dense-lr3e-4-seed0,dense,0,0.0,blocks.0.mlp.gate_proj.weight,0,393216,393216,0.0
dense-lr3e-4-seed0,dense,0,0.0,blocks.0.mlp.up_proj.weight,0,393216,393216,0.0
dense-lr3e-4-seed0,dense,0,0.0,blocks.1.attn.k_proj.weight,0,147456,147456,0.0
dense-lr3e-4-seed0,dense,0,0.0,blocks.1.attn.o_proj.weight,0,147456,147456,0.0
dense-lr3e-4-seed0,dense,0,0.0,blocks.1.attn.q_proj.weight,0,147456,147456,0.0
dense-lr3e-4-seed0,dense,0,0.0,blocks.1.attn.v_proj.weight,0,147456,147456,0.0
dense-lr3e-4-seed0,dense,0,0.0,blocks.1.mlp.down_proj.weight,0,393216,393216,0.0
dense-lr3e-4-seed0,dense,0,0.0,blocks.1.mlp.gate_proj.weight,0,393216,393216,0.0
dense-lr3e-4-seed0,dense,0,0.0,blocks.1.mlp.up_proj.weight,0,393216,393216,0.0
dense-lr3e-4-seed0,dense,0,0.0,blocks.2.attn.k_proj.weight,0,147456,147456,0.0
dense-lr3e-4-seed0,dense,0,0.0,blocks.2.attn.o_proj.weight,0,147456,147456,0.0
dense-lr3e-4-seed0,dense,0,0.0,blocks.2.attn.q_proj.weight,0,147456,147456,0.0
dense-lr3e-4-seed0,dense,0,0.0,blocks.2.attn.v_proj.weight,0,147456,147456,0.0
dense-lr3e-4-seed0,dense,0,0.0,blocks.2.mlp.down_proj.weight,0,393216,393216,0.0
dense-lr3e-4-seed0,dense,0,0.0,blocks.2.mlp.gate_proj.weight,0,393216,393216,0.0
dense-lr3e-4-seed0,dense,0,0.0,blocks.2.mlp.up_proj.weight,0,393216,393216,0.0
dense-lr3e-4-seed0,dense,0,0.0,blocks.3.attn.k_proj.weight,0,147456,147456,0.0
dense-lr3e-4-seed0,dense,0,0.0,blocks.3.attn.o_proj.weight,0,147456,147456,0.0
dense-lr3e-4-seed0,dense,0,0.0,blocks.3.attn.q_proj.weight,0,147456,147456,0.0
dense-lr3e-4-seed0,dense,0,0.0,blocks.3.attn.v_proj.weight,0,147456,147456,0.0
dense-lr3e-4-seed0,dense,0,0.0,blocks.3.mlp.down_proj.weight,0,393216,393216,0.0
dense-lr3e-4-seed0,dense,0,0.0,blocks.3.mlp.gate_proj.weight,0,393216,393216,0.0
dense-lr3e-4-seed0,dense,0,0.0,blocks.3.mlp.up_proj.weight,0,393216,393216,0.0
dense-lr3e-4-seed0,dense,0,0.0,blocks.4.attn.k_proj.weight,0,147456,147456,0.0
dense-lr3e-4-seed0,dense,0,0.0,blocks.4.attn.o_proj.weight,0,147456,147456,0.0
dense-lr3e-4-seed0,dense,0,0.0,blocks.4.attn.q_proj.weight,0,147456,147456,0.0
dense-lr3e-4-seed0,dense,0,0.0,blocks.4.attn.v_proj.weight,0,147456,147456,0.0
dense-lr3e-4-seed0,dense,0,0.0,blocks.4.mlp.down_proj.weight,0,393216,393216,0.0
dense-lr3e-4-seed0,dense,0,0.0,blocks.4.mlp.gate_proj.weight,0,393216,393216,0.0
dense-lr3e-4-seed0,dense,0,0.0,blocks.4.mlp.up_proj.weight,0,393216,393216,0.0
dense-lr3e-4-seed0,dense,0,0.0,blocks.5.attn.k_proj.weight,0,147456,147456,0.0
dense-lr3e-4-seed0,dense,0,0.0,blocks.5.attn.o_proj.weight,0,147456,147456,0.0
dense-lr3e-4-seed0,dense,0,0.0,blocks.5.attn.q_proj.weight,0,147456,147456,0.0
dense-lr3e-4-seed0,dense,0,0.0,blocks.5.attn.v_proj.weight,0,147456,147456,0.0
dense-lr3e-4-seed0,dense,0,0.0,blocks.5.mlp.down_proj.weight,0,393216,393216,0.0
dense-lr3e-4-seed0,dense,0,0.0,blocks.5.mlp.gate_proj.weight,0,393216,393216,0.0
dense-lr3e-4-seed0,dense,0,0.0,blocks.5.mlp.up_proj.weight,0,393216,393216,0.0
dense-lr3e-4-seed0,dense,0,0.3,blocks.0.attn.k_proj.weight,28829,118627,147456,0.19550916883680555
dense-lr3e-4-seed0,dense,0,0.3,blocks.0.attn.o_proj.weight,99066,48390,147456,0.6718343098958334
dense-lr3e-4-seed0,dense,0,0.3,blocks.0.attn.q_proj.weight,28106,119350,147456,0.1906060112847222
dense-lr3e-4-seed0,dense,0,0.3,blocks.0.attn.v_proj.weight,32223,115233,147456,0.21852620442708334
dense-lr3e-4-seed0,dense,0,0.3,blocks.0.mlp.down_proj.weight,202389,190827,393216,0.5147018432617188
dense-lr3e-4-seed0,dense,0,0.3,blocks.0.mlp.gate_proj.weight,80118,313098,393216,0.2037506103515625
dense-lr3e-4-seed0,dense,0,0.3,blocks.0.mlp.up_proj.weight,80245,312971,393216,0.2040735880533854
dense-lr3e-4-seed0,dense,0,0.3,blocks.1.attn.k_proj.weight,28707,118749,147456,0.19468180338541666
dense-lr3e-4-seed0,dense,0,0.3,blocks.1.attn.o_proj.weight,96531,50925,147456,0.6546427408854166
dense-lr3e-4-seed0,dense,0,0.3,blocks.1.attn.q_proj.weight,28634,118822,147456,0.1941867404513889
dense-lr3e-4-seed0,dense,0,0.3,blocks.1.attn.v_proj.weight,32283,115173,147456,0.21893310546875
dense-lr3e-4-seed0,dense,0,0.3,blocks.1.mlp.down_proj.weight,204471,188745,393216,0.5199966430664062
dense-lr3e-4-seed0,dense,0,0.3,blocks.1.mlp.gate_proj.weight,80386,312830,393216,0.20443216959635416
dense-lr3e-4-seed0,dense,0,0.3,blocks.1.mlp.up_proj.weight,80172,313044,393216,0.203887939453125
dense-lr3e-4-seed0,dense,0,0.3,blocks.2.attn.k_proj.weight,28639,118817,147456,0.1942206488715278
dense-lr3e-4-seed0,dense,0,0.3,blocks.2.attn.o_proj.weight,87727,59729,147456,0.5949367947048612
dense-lr3e-4-seed0,dense,0,0.3,blocks.2.attn.q_proj.weight,28399,119057,147456,0.1925930447048611
dense-lr3e-4-seed0,dense,0,0.3,blocks.2.attn.v_proj.weight,31417,116039,147456,0.21306016710069445
dense-lr3e-4-seed0,dense,0,0.3,blocks.2.mlp.down_proj.weight,201883,191333,393216,0.5134150187174479
dense-lr3e-4-seed0,dense,0,0.3,blocks.2.mlp.gate_proj.weight,79708,313508,393216,0.20270792643229166
dense-lr3e-4-seed0,dense,0,0.3,blocks.2.mlp.up_proj.weight,79814,313402,393216,0.20297749837239584
dense-lr3e-4-seed0,dense,0,0.3,blocks.3.attn.k_proj.weight,28624,118832,147456,0.1941189236111111
dense-lr3e-4-seed0,dense,0,0.3,blocks.3.attn.o_proj.weight,87275,60181,147456,0.5918714735243056
dense-lr3e-4-seed0,dense,0,0.3,blocks.3.attn.q_proj.weight,28105,119351,147456,0.19059922960069445
dense-lr3e-4-seed0,dense,0,0.3,blocks.3.attn.v_proj.weight,31580,115876,147456,0.2141655815972222
dense-lr3e-4-seed0,dense,0,0.3,blocks.3.mlp.down_proj.weight,199322,193894,393216,0.5069020589192709
dense-lr3e-4-seed0,dense,0,0.3,blocks.3.mlp.gate_proj.weight,79263,313953,393216,0.20157623291015625
dense-lr3e-4-seed0,dense,0,0.3,blocks.3.mlp.up_proj.weight,79347,313869,393216,0.20178985595703125
dense-lr3e-4-seed0,dense,0,0.3,blocks.4.attn.k_proj.weight,28509,118947,147456,0.19333902994791666
dense-lr3e-4-seed0,dense,0,0.3,blocks.4.attn.o_proj.weight,82654,64802,147456,0.5605333116319444
dense-lr3e-4-seed0,dense,0,0.3,blocks.4.attn.q_proj.weight,27853,119603,147456,0.18889024522569445
dense-lr3e-4-seed0,dense,0,0.3,blocks.4.attn.v_proj.weight,31390,116066,147456,0.21287706163194445
dense-lr3e-4-seed0,dense,0,0.3,blocks.4.mlp.down_proj.weight,190526,202690,393216,0.4845326741536458
dense-lr3e-4-seed0,dense,0,0.3,blocks.4.mlp.gate_proj.weight,77987,315229,393216,0.1983311971028646
dense-lr3e-4-seed0,dense,0,0.3,blocks.4.mlp.up_proj.weight,78367,314849,393216,0.1992975870768229
dense-lr3e-4-seed0,dense,0,0.3,blocks.5.attn.k_proj.weight,28000,119456,147456,0.1898871527777778
dense-lr3e-4-seed0,dense,0,0.3,blocks.5.attn.o_proj.weight,78256,69200,147456,0.5307074652777778
dense-lr3e-4-seed0,dense,0,0.3,blocks.5.attn.q_proj.weight,27218,120238,147456,0.18458387586805555
dense-lr3e-4-seed0,dense,0,0.3,blocks.5.attn.v_proj.weight,30623,116833,147456,0.2076755099826389
dense-lr3e-4-seed0,dense,0,0.3,blocks.5.mlp.down_proj.weight,177451,215765,393216,0.45128122965494794
dense-lr3e-4-seed0,dense,0,0.3,blocks.5.mlp.gate_proj.weight,76254,316962,393216,0.1939239501953125
dense-lr3e-4-seed0,dense,0,0.3,blocks.5.mlp.up_proj.weight,76699,316517,393216,0.1950556437174479
dense-lr3e-4-seed0,dense,0,0.5,blocks.0.attn.k_proj.weight,52245,95211,147456,0.35430908203125
dense-lr3e-4-seed0,dense,0,0.5,blocks.0.attn.o_proj.weight,137277,10179,147456,0.93096923828125
dense-lr3e-4-seed0,dense,0,0.5,blocks.0.attn.q_proj.weight,51149,96307,147456,0.3468763563368056
dense-lr3e-4-seed0,dense,0,0.5,blocks.0.attn.v_proj.weight,58072,89384,147456,0.3938259548611111
dense-lr3e-4-seed0,dense,0,0.5,blocks.0.mlp.down_proj.weight,316863,76353,393216,0.8058242797851562
dense-lr3e-4-seed0,dense,0,0.5,blocks.0.mlp.gate_proj.weight,144949,248267,393216,0.36862436930338544
dense-lr3e-4-seed0,dense,0,0.5,blocks.0.mlp.up_proj.weight,145062,248154,393216,0.3689117431640625
dense-lr3e-4-seed0,dense,0,0.5,blocks.1.attn.k_proj.weight,51830,95626,147456,0.3514946831597222
dense-lr3e-4-seed0,dense,0,0.5,blocks.1.attn.o_proj.weight,135601,11855,147456,0.9196031358506944
dense-lr3e-4-seed0,dense,0,0.5,blocks.1.attn.q_proj.weight,51709,95747,147456,0.3506740993923611
dense-lr3e-4-seed0,dense,0,0.5,blocks.1.attn.v_proj.weight,58008,89448,147456,0.3933919270833333
dense-lr3e-4-seed0,dense,0,0.5,blocks.1.mlp.down_proj.weight,318332,74884,393216,0.8095601399739584
dense-lr3e-4-seed0,dense,0,0.5,blocks.1.mlp.gate_proj.weight,145101,248115,393216,0.36901092529296875
dense-lr3e-4-seed0,dense,0,0.5,blocks.1.mlp.up_proj.weight,145651,247565,393216,0.37040964762369794
dense-lr3e-4-seed0,dense,0,0.5,blocks.2.attn.k_proj.weight,51735,95721,147456,0.3508504231770833
dense-lr3e-4-seed0,dense,0,0.5,blocks.2.attn.o_proj.weight,129280,18176,147456,0.8767361111111112
dense-lr3e-4-seed0,dense,0,0.5,blocks.2.attn.q_proj.weight,51141,96315,147456,0.3468221028645833
dense-lr3e-4-seed0,dense,0,0.5,blocks.2.attn.v_proj.weight,56914,90542,147456,0.3859727647569444
dense-lr3e-4-seed0,dense,0,0.5,blocks.2.mlp.down_proj.weight,316370,76846,393216,0.8045705159505209
dense-lr3e-4-seed0,dense,0,0.5,blocks.2.mlp.gate_proj.weight,144190,249026,393216,0.3666941324869792
dense-lr3e-4-seed0,dense,0,0.5,blocks.2.mlp.up_proj.weight,144253,248963,393216,0.36685434977213544
dense-lr3e-4-seed0,dense,0,0.5,blocks.3.attn.k_proj.weight,52019,95437,147456,0.3527764214409722
dense-lr3e-4-seed0,dense,0,0.5,blocks.3.attn.o_proj.weight,129012,18444,147456,0.8749186197916666
dense-lr3e-4-seed0,dense,0,0.5,blocks.3.attn.q_proj.weight,50825,96631,147456,0.3446790907118056
dense-lr3e-4-seed0,dense,0,0.5,blocks.3.attn.v_proj.weight,56983,90473,147456,0.3864407009548611
dense-lr3e-4-seed0,dense,0,0.5,blocks.3.mlp.down_proj.weight,312914,80302,393216,0.7957814534505209
dense-lr3e-4-seed0,dense,0,0.5,blocks.3.mlp.gate_proj.weight,143943,249273,393216,0.36606597900390625
dense-lr3e-4-seed0,dense,0,0.5,blocks.3.mlp.up_proj.weight,144078,249138,393216,0.3664093017578125
dense-lr3e-4-seed0,dense,0,0.5,blocks.4.attn.k_proj.weight,51784,95672,147456,0.3511827256944444
dense-lr3e-4-seed0,dense,0,0.5,blocks.4.attn.o_proj.weight,124844,22612,147456,0.8466525607638888
dense-lr3e-4-seed0,dense,0,0.5,blocks.4.attn.q_proj.weight,50679,96777,147456,0.34368896484375
dense-lr3e-4-seed0,dense,0,0.5,blocks.4.attn.v_proj.weight,56397,91059,147456,0.3824666341145833
dense-lr3e-4-seed0,dense,0,0.5,blocks.4.mlp.down_proj.weight,303608,89608,393216,0.7721150716145834
dense-lr3e-4-seed0,dense,0,0.5,blocks.4.mlp.gate_proj.weight,141408,251808,393216,0.359619140625
dense-lr3e-4-seed0,dense,0,0.5,blocks.4.mlp.up_proj.weight,141784,251432,393216,0.3605753580729167
dense-lr3e-4-seed0,dense,0,0.5,blocks.5.attn.k_proj.weight,51037,96419,147456,0.3461168077256944
dense-lr3e-4-seed0,dense,0,0.5,blocks.5.attn.o_proj.weight,120851,26605,147456,0.8195732964409722
dense-lr3e-4-seed0,dense,0,0.5,blocks.5.attn.q_proj.weight,49081,98375,147456,0.3328518337673611
dense-lr3e-4-seed0,dense,0,0.5,blocks.5.attn.v_proj.weight,55592,91864,147456,0.3770073784722222
dense-lr3e-4-seed0,dense,0,0.5,blocks.5.mlp.down_proj.weight,288295,104921,393216,0.7331720987955729
dense-lr3e-4-seed0,dense,0,0.5,blocks.5.mlp.gate_proj.weight,138308,254908,393216,0.3517354329427083
dense-lr3e-4-seed0,dense,0,0.5,blocks.5.mlp.up_proj.weight,139242,253974,393216,0.3541107177734375
dense-lr3e-4-seed0,dense,0,0.7,blocks.0.attn.k_proj.weight,83772,63684,147456,0.568115234375
dense-lr3e-4-seed0,dense,0,0.7,blocks.0.attn.o_proj.weight,147167,289,147456,0.9980400933159722
dense-lr3e-4-seed0,dense,0,0.7,blocks.0.attn.q_proj.weight,82675,64781,147456,0.5606757269965278
dense-lr3e-4-seed0,dense,0,0.7,blocks.0.attn.v_proj.weight,91382,56074,147456,0.6197238498263888
dense-lr3e-4-seed0,dense,0,0.7,blocks.0.mlp.down_proj.weight,382795,10421,393216,0.9734980265299479
dense-lr3e-4-seed0,dense,0,0.7,blocks.0.mlp.gate_proj.weight,231390,161826,393216,0.5884552001953125
dense-lr3e-4-seed0,dense,0,0.7,blocks.0.mlp.up_proj.weight,231581,161635,393216,0.5889409383138021
dense-lr3e-4-seed0,dense,0,0.7,blocks.1.attn.k_proj.weight,83455,64001,147456,0.5659654405381944
dense-lr3e-4-seed0,dense,0,0.7,blocks.1.attn.o_proj.weight,147057,399,147456,0.9972941080729166
dense-lr3e-4-seed0,dense,0,0.7,blocks.1.attn.q_proj.weight,83003,64453,147456,0.5629001193576388
dense-lr3e-4-seed0,dense,0,0.7,blocks.1.attn.v_proj.weight,91781,55675,147456,0.6224297417534722
dense-lr3e-4-seed0,dense,0,0.7,blocks.1.mlp.down_proj.weight,383432,9784,393216,0.9751180013020834
dense-lr3e-4-seed0,dense,0,0.7,blocks.1.mlp.gate_proj.weight,231770,161446,393216,0.5894215901692709
dense-lr3e-4-seed0,dense,0,0.7,blocks.1.mlp.up_proj.weight,232138,161078,393216,0.5903574625651041
dense-lr3e-4-seed0,dense,0,0.7,blocks.2.attn.k_proj.weight,83177,64279,147456,0.5640801323784722
dense-lr3e-4-seed0,dense,0,0.7,blocks.2.attn.o_proj.weight,146207,1249,147456,0.9915296766493056
dense-lr3e-4-seed0,dense,0,0.7,blocks.2.attn.q_proj.weight,82208,65248,147456,0.5575086805555556
dense-lr3e-4-seed0,dense,0,0.7,blocks.2.attn.v_proj.weight,90139,57317,147456,0.6112942165798612
dense-lr3e-4-seed0,dense,0,0.7,blocks.2.mlp.down_proj.weight,382424,10792,393216,0.9725545247395834
dense-lr3e-4-seed0,dense,0,0.7,blocks.2.mlp.gate_proj.weight,230304,162912,393216,0.585693359375
dense-lr3e-4-seed0,dense,0,0.7,blocks.2.mlp.up_proj.weight,230682,162534,393216,0.5866546630859375
dense-lr3e-4-seed0,dense,0,0.7,blocks.3.attn.k_proj.weight,83743,63713,147456,0.5679185655381944
dense-lr3e-4-seed0,dense,0,0.7,blocks.3.attn.o_proj.weight,146139,1317,147456,0.9910685221354166
dense-lr3e-4-seed0,dense,0,0.7,blocks.3.attn.q_proj.weight,82107,65349,147456,0.55682373046875
dense-lr3e-4-seed0,dense,0,0.7,blocks.3.attn.v_proj.weight,89854,57602,147456,0.6093614366319444
dense-lr3e-4-seed0,dense,0,0.7,blocks.3.mlp.down_proj.weight,381400,11816,393216,0.9699503580729166
dense-lr3e-4-seed0,dense,0,0.7,blocks.3.mlp.gate_proj.weight,229529,163687,393216,0.5837224324544271
dense-lr3e-4-seed0,dense,0,0.7,blocks.3.mlp.up_proj.weight,229885,163331,393216,0.5846277872721354
dense-lr3e-4-seed0,dense,0,0.7,blocks.4.attn.k_proj.weight,83283,64173,147456,0.5647989908854166
dense-lr3e-4-seed0,dense,0,0.7,blocks.4.attn.o_proj.weight,145176,2280,147456,0.9845377604166666
dense-lr3e-4-seed0,dense,0,0.7,blocks.4.attn.q_proj.weight,81400,66056,147456,0.5520290798611112
dense-lr3e-4-seed0,dense,0,0.7,blocks.4.attn.v_proj.weight,89152,58304,147456,0.6046006944444444
dense-lr3e-4-seed0,dense,0,0.7,blocks.4.mlp.down_proj.weight,377311,15905,393216,0.9595514933268229
dense-lr3e-4-seed0,dense,0,0.7,blocks.4.mlp.gate_proj.weight,226527,166689,393216,0.5760879516601562
dense-lr3e-4-seed0,dense,0,0.7,blocks.4.mlp.up_proj.weight,227652,165564,393216,0.578948974609375
dense-lr3e-4-seed0,dense,0,0.7,blocks.5.attn.k_proj.weight,81928,65528,147456,0.5556098090277778
dense-lr3e-4-seed0,dense,0,0.7,blocks.5.attn.o_proj.weight,144159,3297,147456,0.9776407877604166
dense-lr3e-4-seed0,dense,0,0.7,blocks.5.attn.q_proj.weight,79531,67925,147456,0.5393541124131944
dense-lr3e-4-seed0,dense,0,0.7,blocks.5.attn.v_proj.weight,88576,58880,147456,0.6006944444444444
dense-lr3e-4-seed0,dense,0,0.7,blocks.5.mlp.down_proj.weight,370427,22789,393216,0.9420445760091146
dense-lr3e-4-seed0,dense,0,0.7,blocks.5.mlp.gate_proj.weight,221893,171323,393216,0.5643030802408854
dense-lr3e-4-seed0,dense,0,0.7,blocks.5.mlp.up_proj.weight,223571,169645,393216,0.5685704549153646
dense-lr3e-4-seed0,dense,0,0.8,blocks.0.attn.k_proj.weight,103299,44157,147456,0.7005411783854166
dense-lr3e-4-seed0,dense,0,0.8,blocks.0.attn.o_proj.weight,147448,8,147456,0.9999457465277778
dense-lr3e-4-seed0,dense,0,0.8,blocks.0.attn.q_proj.weight,102343,45113,147456,0.6940578884548612
dense-lr3e-4-seed0,dense,0,0.8,blocks.0.attn.v_proj.weight,111147,36309,147456,0.7537638346354166
dense-lr3e-4-seed0,dense,0,0.8,blocks.0.mlp.down_proj.weight,391885,1331,393216,0.9966150919596354
dense-lr3e-4-seed0,dense,0,0.8,blocks.0.mlp.gate_proj.weight,284184,109032,393216,0.72271728515625
dense-lr3e-4-seed0,dense,0,0.8,blocks.0.mlp.up_proj.weight,284257,108959,393216,0.7229029337565104
dense-lr3e-4-seed0,dense,0,0.8,blocks.1.attn.k_proj.weight,102880,44576,147456,0.6976996527777778
dense-lr3e-4-seed0,dense,0,0.8,blocks.1.attn.o_proj.weight,147445,11,147456,0.9999254014756944
dense-lr3e-4-seed0,dense,0,0.8,blocks.1.attn.q_proj.weight,102414,45042,147456,0.6945393880208334
dense-lr3e-4-seed0,dense,0,0.8,blocks.1.attn.v_proj.weight,111555,35901,147456,0.75653076171875
dense-lr3e-4-seed0,dense,0,0.8,blocks.1.mlp.down_proj.weight,392034,1182,393216,0.9969940185546875
dense-lr3e-4-seed0,dense,0,0.8,blocks.1.mlp.gate_proj.weight,284564,108652,393216,0.7236836751302084
dense-lr3e-4-seed0,dense,0,0.8,blocks.1.mlp.up_proj.weight,285070,108146,393216,0.7249704996744791
dense-lr3e-4-seed0,dense,0,0.8,blocks.2.attn.k_proj.weight,102743,44713,147456,0.6967705620659722
dense-lr3e-4-seed0,dense,0,0.8,blocks.2.attn.o_proj.weight,147363,93,147456,0.9993693033854166
dense-lr3e-4-seed0,dense,0,0.8,blocks.2.attn.q_proj.weight,101763,45693,147456,0.69012451171875
dense-lr3e-4-seed0,dense,0,0.8,blocks.2.attn.v_proj.weight,109944,37512,147456,0.74560546875
dense-lr3e-4-seed0,dense,0,0.8,blocks.2.mlp.down_proj.weight,391787,1429,393216,0.9963658650716146
dense-lr3e-4-seed0,dense,0,0.8,blocks.2.mlp.gate_proj.weight,283021,110195,393216,0.7197596232096354
dense-lr3e-4-seed0,dense,0,0.8,blocks.2.mlp.up_proj.weight,283127,110089,393216,0.7200291951497396
dense-lr3e-4-seed0,dense,0,0.8,blocks.3.attn.k_proj.weight,103073,44383,147456,0.6990085177951388
dense-lr3e-4-seed0,dense,0,0.8,blocks.3.attn.o_proj.weight,147365,91,147456,0.9993828667534722
dense-lr3e-4-seed0,dense,0,0.8,blocks.3.attn.q_proj.weight,101559,45897,147456,0.6887410481770834
dense-lr3e-4-seed0,dense,0,0.8,blocks.3.attn.v_proj.weight,109556,37900,147456,0.7429741753472222
dense-lr3e-4-seed0,dense,0,0.8,blocks.3.mlp.down_proj.weight,391448,1768,393216,0.9955037434895834
dense-lr3e-4-seed0,dense,0,0.8,blocks.3.mlp.gate_proj.weight,282627,110589,393216,0.7187576293945312
dense-lr3e-4-seed0,dense,0,0.8,blocks.3.mlp.up_proj.weight,282945,110271,393216,0.7195663452148438
dense-lr3e-4-seed0,dense,0,0.8,blocks.4.attn.k_proj.weight,102910,44546,147456,0.6979031032986112
dense-lr3e-4-seed0,dense,0,0.8,blocks.4.attn.o_proj.weight,147241,215,147456,0.9985419379340278
dense-lr3e-4-seed0,dense,0,0.8,blocks.4.attn.q_proj.weight,101024,46432,147456,0.6851128472222222
dense-lr3e-4-seed0,dense,0,0.8,blocks.4.attn.v_proj.weight,108794,38662,147456,0.7378065321180556
dense-lr3e-4-seed0,dense,0,0.8,blocks.4.mlp.down_proj.weight,390494,2722,393216,0.9930775960286459
dense-lr3e-4-seed0,dense,0,0.8,blocks.4.mlp.gate_proj.weight,279393,113823,393216,0.7105331420898438
dense-lr3e-4-seed0,dense,0,0.8,blocks.4.mlp.up_proj.weight,279994,113222,393216,0.7120615641276041
dense-lr3e-4-seed0,dense,0,0.8,blocks.5.attn.k_proj.weight,101363,46093,147456,0.6874118381076388
dense-lr3e-4-seed0,dense,0,0.8,blocks.5.attn.o_proj.weight,146991,465,147456,0.9968465169270834
dense-lr3e-4-seed0,dense,0,0.8,blocks.5.attn.q_proj.weight,99011,48445,147456,0.6714613172743056
dense-lr3e-4-seed0,dense,0,0.8,blocks.5.attn.v_proj.weight,108375,39081,147456,0.7349650065104166
dense-lr3e-4-seed0,dense,0,0.8,blocks.5.mlp.down_proj.weight,388403,4813,393216,0.9877599080403646
dense-lr3e-4-seed0,dense,0,0.8,blocks.5.mlp.gate_proj.weight,274189,119027,393216,0.6972986857096354
dense-lr3e-4-seed0,dense,0,0.8,blocks.5.mlp.up_proj.weight,276438,116778,393216,0.7030181884765625
dense-lr3e-4-seed0,dense,0,0.9,blocks.0.attn.k_proj.weight,124765,22691,147456,0.8461168077256944
dense-lr3e-4-seed0,dense,0,0.9,blocks.0.attn.o_proj.weight,147456,0,147456,1.0
dense-lr3e-4-seed0,dense,0,0.9,blocks.0.attn.q_proj.weight,123788,23668,147456,0.8394911024305556
dense-lr3e-4-seed0,dense,0,0.9,blocks.0.attn.v_proj.weight,130953,16503,147456,0.8880818684895834
dense-lr3e-4-seed0,dense,0,0.9,blocks.0.mlp.down_proj.weight,393196,20,393216,0.9999491373697916
dense-lr3e-4-seed0,dense,0,0.9,blocks.0.mlp.gate_proj.weight,339730,53486,393216,0.8639780680338541
dense-lr3e-4-seed0,dense,0,0.9,blocks.0.mlp.up_proj.weight,339533,53683,393216,0.8634770711263021
dense-lr3e-4-seed0,dense,0,0.9,blocks.1.attn.k_proj.weight,124209,23247,147456,0.84234619140625
dense-lr3e-4-seed0,dense,0,0.9,blocks.1.attn.o_proj.weight,147456,0,147456,1.0
dense-lr3e-4-seed0,dense,0,0.9,blocks.1.attn.q_proj.weight,123964,23492,147456,0.8406846788194444
dense-lr3e-4-seed0,dense,0,0.9,blocks.1.attn.v_proj.weight,131316,16140,147456,0.8905436197916666
dense-lr3e-4-seed0,dense,0,0.9,blocks.1.mlp.down_proj.weight,393192,24,393216,0.99993896484375
dense-lr3e-4-seed0,dense,0,0.9,blocks.1.mlp.gate_proj.weight,339736,53480,393216,0.8639933268229166
dense-lr3e-4-seed0,dense,0,0.9,blocks.1.mlp.up_proj.weight,340253,52963,393216,0.8653081258138021
dense-lr3e-4-seed0,dense,0,0.9,blocks.2.attn.k_proj.weight,124149,23307,147456,0.8419392903645834
dense-lr3e-4-seed0,dense,0,0.9,blocks.2.attn.o_proj.weight,147455,1,147456,0.9999932183159722
dense-lr3e-4-seed0,dense,0,0.9,blocks.2.attn.q_proj.weight,123263,24193,147456,0.8359307183159722
dense-lr3e-4-seed0,dense,0,0.9,blocks.2.attn.v_proj.weight,129965,17491,147456,0.8813815646701388
dense-lr3e-4-seed0,dense,0,0.9,blocks.2.mlp.down_proj.weight,393191,25,393216,0.9999364217122396
dense-lr3e-4-seed0,dense,0,0.9,blocks.2.mlp.gate_proj.weight,338773,54443,393216,0.8615442911783854
dense-lr3e-4-seed0,dense,0,0.9,blocks.2.mlp.up_proj.weight,338914,54302,393216,0.8619028727213541
dense-lr3e-4-seed0,dense,0,0.9,blocks.3.attn.k_proj.weight,124485,22971,147456,0.8442179361979166
dense-lr3e-4-seed0,dense,0,0.9,blocks.3.attn.o_proj.weight,147456,0,147456,1.0
dense-lr3e-4-seed0,dense,0,0.9,blocks.3.attn.q_proj.weight,122964,24492,147456,0.8339029947916666
dense-lr3e-4-seed0,dense,0,0.9,blocks.3.attn.v_proj.weight,129705,17751,147456,0.8796183268229166
dense-lr3e-4-seed0,dense,0,0.9,blocks.3.mlp.down_proj.weight,393180,36,393216,0.999908447265625
dense-lr3e-4-seed0,dense,0,0.9,blocks.3.mlp.gate_proj.weight,338364,54852,393216,0.860504150390625
dense-lr3e-4-seed0,dense,0,0.9,blocks.3.mlp.up_proj.weight,338726,54490,393216,0.8614247639973959
dense-lr3e-4-seed0,dense,0,0.9,blocks.4.attn.k_proj.weight,123931,23525,147456,0.8404608832465278
dense-lr3e-4-seed0,dense,0,0.9,blocks.4.attn.o_proj.weight,147454,2,147456,0.9999864366319444
dense-lr3e-4-seed0,dense,0,0.9,blocks.4.attn.q_proj.weight,122600,24856,147456,0.8314344618055556
dense-lr3e-4-seed0,dense,0,0.9,blocks.4.attn.v_proj.weight,129124,18332,147456,0.8756781684027778
dense-lr3e-4-seed0,dense,0,0.9,blocks.4.mlp.down_proj.weight,393137,79,393216,0.9997990926106771
dense-lr3e-4-seed0,dense,0,0.9,blocks.4.mlp.gate_proj.weight,335737,57479,393216,0.8538233439127604
dense-lr3e-4-seed0,dense,0,0.9,blocks.4.mlp.up_proj.weight,336207,57009,393216,0.8550186157226562
dense-lr3e-4-seed0,dense,0,0.9,blocks.5.attn.k_proj.weight,122776,24680,147456,0.8326280381944444
dense-lr3e-4-seed0,dense,0,0.9,blocks.5.attn.o_proj.weight,147449,7,147456,0.9999525282118056
dense-lr3e-4-seed0,dense,0,0.9,blocks.5.attn.q_proj.weight,120919,26537,147456,0.8200344509548612
dense-lr3e-4-seed0,dense,0,0.9,blocks.5.attn.v_proj.weight,128651,18805,147456,0.8724704318576388
dense-lr3e-4-seed0,dense,0,0.9,blocks.5.mlp.down_proj.weight,392964,252,393216,0.999359130859375
dense-lr3e-4-seed0,dense,0,0.9,blocks.5.mlp.gate_proj.weight,331340,61876,393216,0.8426411946614584
dense-lr3e-4-seed0,dense,0,0.9,blocks.5.mlp.up_proj.weight,332723,60493,393216,0.8461583455403646
dense-lr3e-4-seed0,dense,0,0.95,blocks.0.attn.k_proj.weight,135910,11546,147456,0.9216986762152778
dense-lr3e-4-seed0,dense,0,0.95,blocks.0.attn.o_proj.weight,147456,0,147456,1.0
dense-lr3e-4-seed0,dense,0,0.95,blocks.0.attn.q_proj.weight,135206,12250,147456,0.9169243706597222
dense-lr3e-4-seed0,dense,0,0.95,blocks.0.attn.v_proj.weight,140025,7431,147456,0.9496053059895834
dense-lr3e-4-seed0,dense,0,0.95,blocks.0.mlp.down_proj.weight,393215,1,393216,0.9999974568684896
dense-lr3e-4-seed0,dense,0,0.95,blocks.0.mlp.gate_proj.weight,367155,26061,393216,0.9337234497070312
dense-lr3e-4-seed0,dense,0,0.95,blocks.0.mlp.up_proj.weight,367063,26153,393216,0.9334894816080729
dense-lr3e-4-seed0,dense,0,0.95,blocks.1.attn.k_proj.weight,135350,12106,147456,0.9179009331597222
dense-lr3e-4-seed0,dense,0,0.95,blocks.1.attn.o_proj.weight,147456,0,147456,1.0
dense-lr3e-4-seed0,dense,0,0.95,blocks.1.attn.q_proj.weight,135138,12318,147456,0.9164632161458334
dense-lr3e-4-seed0,dense,0,0.95,blocks.1.attn.v_proj.weight,140311,7145,147456,0.9515448676215278
dense-lr3e-4-seed0,dense,0,0.95,blocks.1.mlp.down_proj.weight,393216,0,393216,1.0
dense-lr3e-4-seed0,dense,0,0.95,blocks.1.mlp.gate_proj.weight,367298,25918,393216,0.9340871175130209
dense-lr3e-4-seed0,dense,0,0.95,blocks.1.mlp.up_proj.weight,367410,25806,393216,0.9343719482421875
dense-lr3e-4-seed0,dense,0,0.95,blocks.2.attn.k_proj.weight,135290,12166,147456,0.9174940321180556
dense-lr3e-4-seed0,dense,0,0.95,blocks.2.attn.o_proj.weight,147456,0,147456,1.0
dense-lr3e-4-seed0,dense,0,0.95,blocks.2.attn.q_proj.weight,134760,12696,147456,0.9138997395833334
dense-lr3e-4-seed0,dense,0,0.95,blocks.2.attn.v_proj.weight,139429,8027,147456,0.9455634223090278
dense-lr3e-4-seed0,dense,0,0.95,blocks.2.mlp.down_proj.weight,393216,0,393216,1.0
dense-lr3e-4-seed0,dense,0,0.95,blocks.2.mlp.gate_proj.weight,366553,26663,393216,0.9321924845377604
dense-lr3e-4-seed0,dense,0,0.95,blocks.2.mlp.up_proj.weight,366736,26480,393216,0.9326578776041666
dense-lr3e-4-seed0,dense,0,0.95,blocks.3.attn.k_proj.weight,135530,11926,147456,0.9191216362847222
dense-lr3e-4-seed0,dense,0,0.95,blocks.3.attn.o_proj.weight,147456,0,147456,1.0
dense-lr3e-4-seed0,dense,0,0.95,blocks.3.attn.q_proj.weight,134482,12974,147456,0.9120144314236112
dense-lr3e-4-seed0,dense,0,0.95,blocks.3.attn.v_proj.weight,139296,8160,147456,0.9446614583333334
dense-lr3e-4-seed0,dense,0,0.95,blocks.3.mlp.down_proj.weight,393216,0,393216,1.0
dense-lr3e-4-seed0,dense,0,0.95,blocks.3.mlp.gate_proj.weight,366150,27066,393216,0.9311676025390625
dense-lr3e-4-seed0,dense,0,0.95,blocks.3.mlp.up_proj.weight,366447,26769,393216,0.9319229125976562
dense-lr3e-4-seed0,dense,0,0.95,blocks.4.attn.k_proj.weight,135082,12374,147456,0.9160834418402778
dense-lr3e-4-seed0,dense,0,0.95,blocks.4.attn.o_proj.weight,147456,0,147456,1.0
dense-lr3e-4-seed0,dense,0,0.95,blocks.4.attn.q_proj.weight,134210,13246,147456,0.9101698133680556
dense-lr3e-4-seed0,dense,0,0.95,blocks.4.attn.v_proj.weight,138822,8634,147456,0.9414469401041666
dense-lr3e-4-seed0,dense,0,0.95,blocks.4.mlp.down_proj.weight,393215,1,393216,0.9999974568684896
dense-lr3e-4-seed0,dense,0,0.95,blocks.4.mlp.gate_proj.weight,364326,28890,393216,0.9265289306640625
dense-lr3e-4-seed0,dense,0,0.95,blocks.4.mlp.up_proj.weight,364713,28503,393216,0.9275131225585938
dense-lr3e-4-seed0,dense,0,0.95,blocks.5.attn.k_proj.weight,134302,13154,147456,0.9107937282986112
dense-lr3e-4-seed0,dense,0,0.95,blocks.5.attn.o_proj.weight,147456,0,147456,1.0
dense-lr3e-4-seed0,dense,0,0.95,blocks.5.attn.q_proj.weight,132958,14498,147456,0.9016791449652778
dense-lr3e-4-seed0,dense,0,0.95,blocks.5.attn.v_proj.weight,138597,8859,147456,0.9399210611979166
dense-lr3e-4-seed0,dense,0,0.95,blocks.5.mlp.down_proj.weight,393205,11,393216,0.9999720255533854
dense-lr3e-4-seed0,dense,0,0.95,blocks.5.mlp.gate_proj.weight,361155,32061,393216,0.9184646606445312
dense-lr3e-4-seed0,dense,0,0.95,blocks.5.mlp.up_proj.weight,362267,30949,393216,0.9212926228841146
dense-lr6e-4-seed0,dense,0,0.0,blocks.0.attn.k_proj.weight,0,147456,147456,0.0
dense-lr6e-4-seed0,dense,0,0.0,blocks.0.attn.o_proj.weight,0,147456,147456,0.0
dense-lr6e-4-seed0,dense,0,0.0,blocks.0.attn.q_proj.weight,0,147456,147456,0.0
dense-lr6e-4-seed0,dense,0,0.0,blocks.0.attn.v_proj.weight,0,147456,147456,0.0
dense-lr6e-4-seed0,dense,0,0.0,blocks.0.mlp.down_proj.weight,0,393216,393216,0.0
dense-lr6e-4-seed0,dense,0,0.0,blocks.0.mlp.gate_proj.weight,0,393216,393216,0.0
dense-lr6e-4-seed0,dense,0,0.0,blocks.0.mlp.up_proj.weight,0,393216,393216,0.0
dense-lr6e-4-seed0,dense,0,0.0,blocks.1.attn.k_proj.weight,0,147456,147456,0.0
dense-lr6e-4-seed0,dense,0,0.0,blocks.1.attn.o_proj.weight,0,147456,147456,0.0
dense-lr6e-4-seed0,dense,0,0.0,blocks.1.attn.q_proj.weight,0,147456,147456,0.0
dense-lr6e-4-seed0,dense,0,0.0,blocks.1.attn.v_proj.weight,0,147456,147456,0.0
dense-lr6e-4-seed0,dense,0,0.0,blocks.1.mlp.down_proj.weight,0,393216,393216,0.0
dense-lr6e-4-seed0,dense,0,0.0,blocks.1.mlp.gate_proj.weight,0,393216,393216,0.0
dense-lr6e-4-seed0,dense,0,0.0,blocks.1.mlp.up_proj.weight,0,393216,393216,0.0
dense-lr6e-4-seed0,dense,0,0.0,blocks.2.attn.k_proj.weight,0,147456,147456,0.0
dense-lr6e-4-seed0,dense,0,0.0,blocks.2.attn.o_proj.weight,0,147456,147456,0.0
dense-lr6e-4-seed0,dense,0,0.0,blocks.2.attn.q_proj.weight,0,147456,147456,0.0
dense-lr6e-4-seed0,dense,0,0.0,blocks.2.attn.v_proj.weight,0,147456,147456,0.0
dense-lr6e-4-seed0,dense,0,0.0,blocks.2.mlp.down_proj.weight,0,393216,393216,0.0
dense-lr6e-4-seed0,dense,0,0.0,blocks.2.mlp.gate_proj.weight,0,393216,393216,0.0
dense-lr6e-4-seed0,dense,0,0.0,blocks.2.mlp.up_proj.weight,0,393216,393216,0.0
dense-lr6e-4-seed0,dense,0,0.0,blocks.3.attn.k_proj.weight,0,147456,147456,0.0
dense-lr6e-4-seed0,dense,0,0.0,blocks.3.attn.o_proj.weight,0,147456,147456,0.0
dense-lr6e-4-seed0,dense,0,0.0,blocks.3.attn.q_proj.weight,0,147456,147456,0.0
dense-lr6e-4-seed0,dense,0,0.0,blocks.3.attn.v_proj.weight,0,147456,147456,0.0
dense-lr6e-4-seed0,dense,0,0.0,blocks.3.mlp.down_proj.weight,0,393216,393216,0.0
dense-lr6e-4-seed0,dense,0,0.0,blocks.3.mlp.gate_proj.weight,0,393216,393216,0.0
dense-lr6e-4-seed0,dense,0,0.0,blocks.3.mlp.up_proj.weight,0,393216,393216,0.0
dense-lr6e-4-seed0,dense,0,0.0,blocks.4.attn.k_proj.weight,0,147456,147456,0.0
dense-lr6e-4-seed0,dense,0,0.0,blocks.4.attn.o_proj.weight,0,147456,147456,0.0
dense-lr6e-4-seed0,dense,0,0.0,blocks.4.attn.q_proj.weight,0,147456,147456,0.0
dense-lr6e-4-seed0,dense,0,0.0,blocks.4.attn.v_proj.weight,0,147456,147456,0.0
dense-lr6e-4-seed0,dense,0,0.0,blocks.4.mlp.down_proj.weight,0,393216,393216,0.0
dense-lr6e-4-seed0,dense,0,0.0,blocks.4.mlp.gate_proj.weight,0,393216,393216,0.0
dense-lr6e-4-seed0,dense,0,0.0,blocks.4.mlp.up_proj.weight,0,393216,393216,0.0
dense-lr6e-4-seed0,dense,0,0.0,blocks.5.attn.k_proj.weight,0,147456,147456,0.0
dense-lr6e-4-seed0,dense,0,0.0,blocks.5.attn.o_proj.weight,0,147456,147456,0.0
dense-lr6e-4-seed0,dense,0,0.0,blocks.5.attn.q_proj.weight,0,147456,147456,0.0
dense-lr6e-4-seed0,dense,0,0.0,blocks.5.attn.v_proj.weight,0,147456,147456,0.0
dense-lr6e-4-seed0,dense,0,0.0,blocks.5.mlp.down_proj.weight,0,393216,393216,0.0
dense-lr6e-4-seed0,dense,0,0.0,blocks.5.mlp.gate_proj.weight,0,393216,393216,0.0
dense-lr6e-4-seed0,dense,0,0.0,blocks.5.mlp.up_proj.weight,0,393216,393216,0.0
dense-lr6e-4-seed0,dense,0,0.3,blocks.0.attn.k_proj.weight,31604,115852,147456,0.2143283420138889
dense-lr6e-4-seed0,dense,0,0.3,blocks.0.attn.o_proj.weight,93883,53573,147456,0.6366848415798612
dense-lr6e-4-seed0,dense,0,0.3,blocks.0.attn.q_proj.weight,30889,116567,147456,0.2094794379340278
dense-lr6e-4-seed0,dense,0,0.3,blocks.0.attn.v_proj.weight,38290,109166,147456,0.2596706814236111
dense-lr6e-4-seed0,dense,0,0.3,blocks.0.mlp.down_proj.weight,177725,215491,393216,0.45197804768880206
dense-lr6e-4-seed0,dense,0,0.3,blocks.0.mlp.gate_proj.weight,88916,304300,393216,0.22612508138020834
dense-lr6e-4-seed0,dense,0,0.3,blocks.0.mlp.up_proj.weight,89205,304011,393216,0.22686004638671875
dense-lr6e-4-seed0,dense,0,0.3,blocks.1.attn.k_proj.weight,31101,116355,147456,0.21091715494791666
dense-lr6e-4-seed0,dense,0,0.3,blocks.1.attn.o_proj.weight,87832,59624,147456,0.5956488715277778
dense-lr6e-4-seed0,dense,0,0.3,blocks.1.attn.q_proj.weight,30942,116514,147456,0.2098388671875
dense-lr6e-4-seed0,dense,0,0.3,blocks.1.attn.v_proj.weight,37959,109497,147456,0.2574259440104167
dense-lr6e-4-seed0,dense,0,0.3,blocks.1.mlp.down_proj.weight,182363,210853,393216,0.46377309163411456
dense-lr6e-4-seed0,dense,0,0.3,blocks.1.mlp.gate_proj.weight,89815,303401,393216,0.2284113566080729
dense-lr6e-4-seed0,dense,0,0.3,blocks.1.mlp.up_proj.weight,90158,303058,393216,0.22928365071614584
dense-lr6e-4-seed0,dense,0,0.3,blocks.2.attn.k_proj.weight,31534,115922,147456,0.21385362413194445
dense-lr6e-4-seed0,dense,0,0.3,blocks.2.attn.o_proj.weight,79464,67992,147456,0.5388997395833334
dense-lr6e-4-seed0,dense,0,0.3,blocks.2.attn.q_proj.weight,30990,116466,147456,0.21016438802083334
dense-lr6e-4-seed0,dense,0,0.3,blocks.2.attn.v_proj.weight,36474,110982,147456,0.24735514322916666
dense-lr6e-4-seed0,dense,0,0.3,blocks.2.mlp.down_proj.weight,180906,212310,393216,0.4600677490234375
dense-lr6e-4-seed0,dense,0,0.3,blocks.2.mlp.gate_proj.weight,89149,304067,393216,0.2267176310221354
dense-lr6e-4-seed0,dense,0,0.3,blocks.2.mlp.up_proj.weight,89389,303827,393216,0.2273279825846354
dense-lr6e-4-seed0,dense,0,0.3,blocks.3.attn.k_proj.weight,31837,115619,147456,0.2159084743923611
dense-lr6e-4-seed0,dense,0,0.3,blocks.3.attn.o_proj.weight,81857,65599,147456,0.5551283094618056
dense-lr6e-4-seed0,dense,0,0.3,blocks.3.attn.q_proj.weight,31226,116230,147456,0.2117648654513889
dense-lr6e-4-seed0,dense,0,0.3,blocks.3.attn.v_proj.weight,36551,110905,147456,0.24787733289930555
dense-lr6e-4-seed0,dense,0,0.3,blocks.3.mlp.down_proj.weight,180492,212724,393216,0.459014892578125
dense-lr6e-4-seed0,dense,0,0.3,blocks.3.mlp.gate_proj.weight,89307,303909,393216,0.22711944580078125
dense-lr6e-4-seed0,dense,0,0.3,blocks.3.mlp.up_proj.weight,90096,303120,393216,0.2291259765625
dense-lr6e-4-seed0,dense,0,0.3,blocks.4.attn.k_proj.weight,31466,115990,147456,0.21339246961805555
dense-lr6e-4-seed0,dense,0,0.3,blocks.4.attn.o_proj.weight,72534,74922,147456,0.4919026692708333
dense-lr6e-4-seed0,dense,0,0.3,blocks.4.attn.q_proj.weight,30371,117085,147456,0.2059665256076389
dense-lr6e-4-seed0,dense,0,0.3,blocks.4.attn.v_proj.weight,35997,111459,147456,0.24412027994791666
dense-lr6e-4-seed0,dense,0,0.3,blocks.4.mlp.down_proj.weight,169005,224211,393216,0.42980194091796875
dense-lr6e-4-seed0,dense,0,0.3,blocks.4.mlp.gate_proj.weight,87022,306194,393216,0.22130839029947916
dense-lr6e-4-seed0,dense,0,0.3,blocks.4.mlp.up_proj.weight,88094,305122,393216,0.22403462727864584
dense-lr6e-4-seed0,dense,0,0.3,blocks.5.attn.k_proj.weight,30583,116873,147456,0.2074042426215278
dense-lr6e-4-seed0,dense,0,0.3,blocks.5.attn.o_proj.weight,67424,80032,147456,0.4572482638888889
dense-lr6e-4-seed0,dense,0,0.3,blocks.5.attn.q_proj.weight,29345,118111,147456,0.1990085177951389
dense-lr6e-4-seed0,dense,0,0.3,blocks.5.attn.v_proj.weight,35120,112336,147456,0.23817274305555555
dense-lr6e-4-seed0,dense,0,0.3,blocks.5.mlp.down_proj.weight,158271,234945,393216,0.40250396728515625
dense-lr6e-4-seed0,dense,0,0.3,blocks.5.mlp.gate_proj.weight,84371,308845,393216,0.2145665486653646
dense-lr6e-4-seed0,dense,0,0.3,blocks.5.mlp.up_proj.weight,85493,307723,393216,0.2174199422200521
dense-lr6e-4-seed0,dense,0,0.5,blocks.0.attn.k_proj.weight,55775,91681,147456,0.3782484266493056
dense-lr6e-4-seed0,dense,0,0.5,blocks.0.attn.o_proj.weight,132649,14807,147456,0.8995836046006944
dense-lr6e-4-seed0,dense,0,0.5,blocks.0.attn.q_proj.weight,54478,92978,147456,0.3694525824652778
dense-lr6e-4-seed0,dense,0,0.5,blocks.0.attn.v_proj.weight,65943,81513,147456,0.44720458984375
dense-lr6e-4-seed0,dense,0,0.5,blocks.0.mlp.down_proj.weight,284882,108334,393216,0.7244923909505209
dense-lr6e-4-seed0,dense,0,0.5,blocks.0.mlp.gate_proj.weight,156018,237198,393216,0.3967742919921875
dense-lr6e-4-seed0,dense,0,0.5,blocks.0.mlp.up_proj.weight,156755,236461,393216,0.39864857991536456
dense-lr6e-4-seed0,dense,0,0.5,blocks.1.attn.k_proj.weight,54589,92867,147456,0.3702053493923611
dense-lr6e-4-seed0,dense,0,0.5,blocks.1.attn.o_proj.weight,127591,19865,147456,0.8652818467881944
dense-lr6e-4-seed0,dense,0,0.5,blocks.1.attn.q_proj.weight,54371,93085,147456,0.3687269422743056
dense-lr6e-4-seed0,dense,0,0.5,blocks.1.attn.v_proj.weight,65836,81620,147456,0.4464789496527778
dense-lr6e-4-seed0,dense,0,0.5,blocks.1.mlp.down_proj.weight,289310,103906,393216,0.7357533772786459
dense-lr6e-4-seed0,dense,0,0.5,blocks.1.mlp.gate_proj.weight,157058,236158,393216,0.3994191487630208
dense-lr6e-4-seed0,dense,0,0.5,blocks.1.mlp.up_proj.weight,158205,235011,393216,0.40233612060546875
dense-lr6e-4-seed0,dense,0,0.5,blocks.2.attn.k_proj.weight,55525,91931,147456,0.3765530056423611
dense-lr6e-4-seed0,dense,0,0.5,blocks.2.attn.o_proj.weight,120049,27407,147456,0.8141343858506944
dense-lr6e-4-seed0,dense,0,0.5,blocks.2.attn.q_proj.weight,54550,92906,147456,0.3699408637152778
dense-lr6e-4-seed0,dense,0,0.5,blocks.2.attn.v_proj.weight,63565,83891,147456,0.4310777452256944
dense-lr6e-4-seed0,dense,0,0.5,blocks.2.mlp.down_proj.weight,288108,105108,393216,0.732696533203125
dense-lr6e-4-seed0,dense,0,0.5,blocks.2.mlp.gate_proj.weight,156542,236674,393216,0.3981068929036458
dense-lr6e-4-seed0,dense,0,0.5,blocks.2.mlp.up_proj.weight,157384,235832,393216,0.4002482096354167
dense-lr6e-4-seed0,dense,0,0.5,blocks.3.attn.k_proj.weight,55962,91494,147456,0.3795166015625
dense-lr6e-4-seed0,dense,0,0.5,blocks.3.attn.o_proj.weight,122526,24930,147456,0.8309326171875
dense-lr6e-4-seed0,dense,0,0.5,blocks.3.attn.q_proj.weight,55084,92372,147456,0.3735622829861111
dense-lr6e-4-seed0,dense,0,0.5,blocks.3.attn.v_proj.weight,64048,83408,147456,0.4343532986111111
dense-lr6e-4-seed0,dense,0,0.5,blocks.3.mlp.down_proj.weight,287414,105802,393216,0.7309315999348959
dense-lr6e-4-seed0,dense,0,0.5,blocks.3.mlp.gate_proj.weight,156680,236536,393216,0.3984578450520833
dense-lr6e-4-seed0,dense,0,0.5,blocks.3.mlp.up_proj.weight,157624,235592,393216,0.4008585611979167
dense-lr6e-4-seed0,dense,0,0.5,blocks.4.attn.k_proj.weight,55560,91896,147456,0.3767903645833333
dense-lr6e-4-seed0,dense,0,0.5,blocks.4.attn.o_proj.weight,112995,34461,147456,0.76629638671875
dense-lr6e-4-seed0,dense,0,0.5,blocks.4.attn.q_proj.weight,53621,93835,147456,0.3636406792534722
dense-lr6e-4-seed0,dense,0,0.5,blocks.4.attn.v_proj.weight,62220,85236,147456,0.4219563802083333
dense-lr6e-4-seed0,dense,0,0.5,blocks.4.mlp.down_proj.weight,273368,119848,393216,0.6952107747395834
dense-lr6e-4-seed0,dense,0,0.5,blocks.4.mlp.gate_proj.weight,152921,240295,393216,0.38889821370442706
dense-lr6e-4-seed0,dense,0,0.5,blocks.4.mlp.up_proj.weight,154448,238768,393216,0.3927815755208333
dense-lr6e-4-seed0,dense,0,0.5,blocks.5.attn.k_proj.weight,54265,93191,147456,0.3680080837673611
dense-lr6e-4-seed0,dense,0,0.5,blocks.5.attn.o_proj.weight,107615,39841,147456,0.7298109266493056
dense-lr6e-4-seed0,dense,0,0.5,blocks.5.attn.q_proj.weight,51935,95521,147456,0.3522067599826389
dense-lr6e-4-seed0,dense,0,0.5,blocks.5.attn.v_proj.weight,61313,86143,147456,0.4158053927951389
dense-lr6e-4-seed0,dense,0,0.5,blocks.5.mlp.down_proj.weight,260058,133158,393216,0.6613616943359375
dense-lr6e-4-seed0,dense,0,0.5,blocks.5.mlp.gate_proj.weight,148696,244520,393216,0.3781534830729167
dense-lr6e-4-seed0,dense,0,0.5,blocks.5.mlp.up_proj.weight,150880,242336,393216,0.3837076822916667
dense-lr6e-4-seed0,dense,0,0.7,blocks.0.attn.k_proj.weight,85260,62196,147456,0.5782063802083334
dense-lr6e-4-seed0,dense,0,0.7,blocks.0.attn.o_proj.weight,146302,1154,147456,0.9921739366319444
dense-lr6e-4-seed0,dense,0,0.7,blocks.0.attn.q_proj.weight,83795,63661,147456,0.5682712131076388
dense-lr6e-4-seed0,dense,0,0.7,blocks.0.attn.v_proj.weight,98159,49297,147456,0.6656833224826388
dense-lr6e-4-seed0,dense,0,0.7,blocks.0.mlp.down_proj.weight,363486,29730,393216,0.9243927001953125
dense-lr6e-4-seed0,dense,0,0.7,blocks.0.mlp.gate_proj.weight,237763,155453,393216,0.6046625773111979
dense-lr6e-4-seed0,dense,0,0.7,blocks.0.mlp.up_proj.weight,238256,154960,393216,0.6059163411458334
dense-lr6e-4-seed0,dense,0,0.7,blocks.1.attn.k_proj.weight,83741,63715,147456,0.5679050021701388
dense-lr6e-4-seed0,dense,0,0.7,blocks.1.attn.o_proj.weight,145097,2359,147456,0.9840020073784722
dense-lr6e-4-seed0,dense,0,0.7,blocks.1.attn.q_proj.weight,83495,63961,147456,0.5662367078993056
dense-lr6e-4-seed0,dense,0,0.7,blocks.1.attn.v_proj.weight,98117,49339,147456,0.6653984917534722
dense-lr6e-4-seed0,dense,0,0.7,blocks.1.mlp.down_proj.weight,366133,27083,393216,0.9311243693033854
dense-lr6e-4-seed0,dense,0,0.7,blocks.1.mlp.gate_proj.weight,239440,153776,393216,0.6089274088541666
dense-lr6e-4-seed0,dense,0,0.7,blocks.1.mlp.up_proj.weight,240348,152868,393216,0.611236572265625
dense-lr6e-4-seed0,dense,0,0.7,blocks.2.attn.k_proj.weight,84704,62752,147456,0.5744357638888888
dense-lr6e-4-seed0,dense,0,0.7,blocks.2.attn.o_proj.weight,142533,4923,147456,0.96661376953125
dense-lr6e-4-seed0,dense,0,0.7,blocks.2.attn.q_proj.weight,83719,63737,147456,0.5677558051215278
dense-lr6e-4-seed0,dense,0,0.7,blocks.2.attn.v_proj.weight,95380,52076,147456,0.6468370225694444
dense-lr6e-4-seed0,dense,0,0.7,blocks.2.mlp.down_proj.weight,364993,28223,393216,0.9282251993815104
dense-lr6e-4-seed0,dense,0,0.7,blocks.2.mlp.gate_proj.weight,238090,155126,393216,0.6054941813151041
dense-lr6e-4-seed0,dense,0,0.7,blocks.2.mlp.up_proj.weight,238958,154258,393216,0.6077016194661459
dense-lr6e-4-seed0,dense,0,0.7,blocks.3.attn.k_proj.weight,85766,61690,147456,0.5816379123263888
dense-lr6e-4-seed0,dense,0,0.7,blocks.3.attn.o_proj.weight,143587,3869,147456,0.9737616644965278
dense-lr6e-4-seed0,dense,0,0.7,blocks.3.attn.q_proj.weight,84424,63032,147456,0.5725368923611112
dense-lr6e-4-seed0,dense,0,0.7,blocks.3.attn.v_proj.weight,95678,51778,147456,0.6488579644097222
dense-lr6e-4-seed0,dense,0,0.7,blocks.3.mlp.down_proj.weight,364741,28475,393216,0.9275843302408854
dense-lr6e-4-seed0,dense,0,0.7,blocks.3.mlp.gate_proj.weight,238189,155027,393216,0.6057459513346354
dense-lr6e-4-seed0,dense,0,0.7,blocks.3.mlp.up_proj.weight,239458,153758,393216,0.6089731852213541
dense-lr6e-4-seed0,dense,0,0.7,blocks.4.attn.k_proj.weight,85032,62424,147456,0.57666015625
dense-lr6e-4-seed0,dense,0,0.7,blocks.4.attn.o_proj.weight,139329,8127,147456,0.94488525390625
dense-lr6e-4-seed0,dense,0,0.7,blocks.4.attn.q_proj.weight,82619,64837,147456,0.5602959526909722
dense-lr6e-4-seed0,dense,0,0.7,blocks.4.attn.v_proj.weight,93539,53917,147456,0.6343519422743056
dense-lr6e-4-seed0,dense,0,0.7,blocks.4.mlp.down_proj.weight,356184,37032,393216,0.90582275390625
dense-lr6e-4-seed0,dense,0,0.7,blocks.4.mlp.gate_proj.weight,233628,159588,393216,0.594146728515625
dense-lr6e-4-seed0,dense,0,0.7,blocks.4.mlp.up_proj.weight,235475,157741,393216,0.5988438924153646
dense-lr6e-4-seed0,dense,0,0.7,blocks.5.attn.k_proj.weight,82846,64610,147456,0.5618353949652778
dense-lr6e-4-seed0,dense,0,0.7,blocks.5.attn.o_proj.weight,136554,10902,147456,0.9260660807291666
dense-lr6e-4-seed0,dense,0,0.7,blocks.5.attn.q_proj.weight,80281,67175,147456,0.5444403754340278
dense-lr6e-4-seed0,dense,0,0.7,blocks.5.attn.v_proj.weight,92634,54822,147456,0.6282145182291666
dense-lr6e-4-seed0,dense,0,0.7,blocks.5.mlp.down_proj.weight,345963,47253,393216,0.8798294067382812
dense-lr6e-4-seed0,dense,0,0.7,blocks.5.mlp.gate_proj.weight,227559,165657,393216,0.5787124633789062
dense-lr6e-4-seed0,dense,0,0.7,blocks.5.mlp.up_proj.weight,230527,162689,393216,0.5862604777018229
dense-lr6e-4-seed0,dense,0,0.8,blocks.0.attn.k_proj.weight,103403,44053,147456,0.7012464735243056
dense-lr6e-4-seed0,dense,0,0.8,blocks.0.attn.o_proj.weight,147370,86,147456,0.9994167751736112
dense-lr6e-4-seed0,dense,0,0.8,blocks.0.attn.q_proj.weight,102002,45454,147456,0.6917453342013888
dense-lr6e-4-seed0,dense,0,0.8,blocks.0.attn.v_proj.weight,116135,31321,147456,0.7875908745659722
dense-lr6e-4-seed0,dense,0,0.8,blocks.0.mlp.down_proj.weight,384481,8735,393216,0.9777857462565104
dense-lr6e-4-seed0,dense,0,0.8,blocks.0.mlp.gate_proj.weight,286132,107084,393216,0.7276713053385416
dense-lr6e-4-seed0,dense,0,0.8,blocks.0.mlp.up_proj.weight,286468,106748,393216,0.7285257975260416
dense-lr6e-4-seed0,dense,0,0.8,blocks.1.attn.k_proj.weight,101803,45653,147456,0.6903957790798612
dense-lr6e-4-seed0,dense,0,0.8,blocks.1.attn.o_proj.weight,147174,282,147456,0.9980875651041666
dense-lr6e-4-seed0,dense,0,0.8,blocks.1.attn.q_proj.weight,101385,46071,147456,0.68756103515625
dense-lr6e-4-seed0,dense,0,0.8,blocks.1.attn.v_proj.weight,116009,31447,147456,0.7867363823784722
dense-lr6e-4-seed0,dense,0,0.8,blocks.1.mlp.down_proj.weight,385733,7483,393216,0.9809697469075521
dense-lr6e-4-seed0,dense,0,0.8,blocks.1.mlp.gate_proj.weight,287573,105643,393216,0.7313359578450521
dense-lr6e-4-seed0,dense,0,0.8,blocks.1.mlp.up_proj.weight,288527,104689,393216,0.7337621053059896
dense-lr6e-4-seed0,dense,0,0.8,blocks.2.attn.k_proj.weight,102881,44575,147456,0.6977064344618056
dense-lr6e-4-seed0,dense,0,0.8,blocks.2.attn.o_proj.weight,146451,1005,147456,0.9931844075520834
dense-lr6e-4-seed0,dense,0,0.8,blocks.2.attn.q_proj.weight,101701,45755,147456,0.6897040473090278
dense-lr6e-4-seed0,dense,0,0.8,blocks.2.attn.v_proj.weight,113461,33995,147456,0.7694566514756944
dense-lr6e-4-seed0,dense,0,0.8,blocks.2.mlp.down_proj.weight,385063,8153,393216,0.9792658487955729
dense-lr6e-4-seed0,dense,0,0.8,blocks.2.mlp.gate_proj.weight,286269,106947,393216,0.7280197143554688
dense-lr6e-4-seed0,dense,0,0.8,blocks.2.mlp.up_proj.weight,287139,106077,393216,0.7302322387695312
dense-lr6e-4-seed0,dense,0,0.8,blocks.3.attn.k_proj.weight,103801,43655,147456,0.7039455837673612
dense-lr6e-4-seed0,dense,0,0.8,blocks.3.attn.o_proj.weight,146782,674,147456,0.9954291449652778
dense-lr6e-4-seed0,dense,0,0.8,blocks.3.attn.q_proj.weight,102307,45149,147456,0.6938137478298612
dense-lr6e-4-seed0,dense,0,0.8,blocks.3.attn.v_proj.weight,113793,33663,147456,0.7717081705729166
dense-lr6e-4-seed0,dense,0,0.8,blocks.3.mlp.down_proj.weight,384979,8237,393216,0.9790522257486979
dense-lr6e-4-seed0,dense,0,0.8,blocks.3.mlp.gate_proj.weight,286737,106479,393216,0.7292098999023438
dense-lr6e-4-seed0,dense,0,0.8,blocks.3.mlp.up_proj.weight,287940,105276,393216,0.732269287109375
dense-lr6e-4-seed0,dense,0,0.8,blocks.4.attn.k_proj.weight,102880,44576,147456,0.6976996527777778
dense-lr6e-4-seed0,dense,0,0.8,blocks.4.attn.o_proj.weight,145371,2085,147456,0.9858601888020834
dense-lr6e-4-seed0,dense,0,0.8,blocks.4.attn.q_proj.weight,100409,47047,147456,0.6809421115451388
dense-lr6e-4-seed0,dense,0,0.8,blocks.4.attn.v_proj.weight,111604,35852,147456,0.7568630642361112
dense-lr6e-4-seed0,dense,0,0.8,blocks.4.mlp.down_proj.weight,380971,12245,393216,0.9688593546549479
dense-lr6e-4-seed0,dense,0,0.8,blocks.4.mlp.gate_proj.weight,281843,111373,393216,0.7167638142903646
dense-lr6e-4-seed0,dense,0,0.8,blocks.4.mlp.up_proj.weight,283577,109639,393216,0.7211736043294271
dense-lr6e-4-seed0,dense,0,0.8,blocks.5.attn.k_proj.weight,100698,46758,147456,0.6829020182291666
dense-lr6e-4-seed0,dense,0,0.8,blocks.5.attn.o_proj.weight,144271,3185,147456,0.9784003363715278
dense-lr6e-4-seed0,dense,0,0.8,blocks.5.attn.q_proj.weight,97964,49492,147456,0.6643608940972222
dense-lr6e-4-seed0,dense,0,0.8,blocks.5.attn.v_proj.weight,110670,36786,147456,0.7505289713541666
dense-lr6e-4-seed0,dense,0,0.8,blocks.5.mlp.down_proj.weight,375372,17844,393216,0.954620361328125
dense-lr6e-4-seed0,dense,0,0.8,blocks.5.mlp.gate_proj.weight,275653,117563,393216,0.7010218302408854
dense-lr6e-4-seed0,dense,0,0.8,blocks.5.mlp.up_proj.weight,278684,114532,393216,0.7087300618489584
dense-lr6e-4-seed0,dense,0,0.9,blocks.0.attn.k_proj.weight,123967,23489,147456,0.8407050238715278
dense-lr6e-4-seed0,dense,0,0.9,blocks.0.attn.o_proj.weight,147456,0,147456,1.0
dense-lr6e-4-seed0,dense,0,0.9,blocks.0.attn.q_proj.weight,122665,24791,147456,0.8318752712673612
dense-lr6e-4-seed0,dense,0,0.9,blocks.0.attn.v_proj.weight,133950,13506,147456,0.9084065755208334
dense-lr6e-4-seed0,dense,0,0.9,blocks.0.mlp.down_proj.weight,392438,778,393216,0.9980214436848959
dense-lr6e-4-seed0,dense,0,0.9,blocks.0.mlp.gate_proj.weight,339425,53791,393216,0.8632024129231771
dense-lr6e-4-seed0,dense,0,0.9,blocks.0.mlp.up_proj.weight,339292,53924,393216,0.8628641764322916
dense-lr6e-4-seed0,dense,0,0.9,blocks.1.attn.k_proj.weight,122438,25018,147456,0.8303358289930556
dense-lr6e-4-seed0,dense,0,0.9,blocks.1.attn.o_proj.weight,147449,7,147456,0.9999525282118056
dense-lr6e-4-seed0,dense,0,0.9,blocks.1.attn.q_proj.weight,122088,25368,147456,0.8279622395833334
dense-lr6e-4-seed0,dense,0,0.9,blocks.1.attn.v_proj.weight,133951,13505,147456,0.9084133572048612
dense-lr6e-4-seed0,dense,0,0.9,blocks.1.mlp.down_proj.weight,392614,602,393216,0.9984690348307291
dense-lr6e-4-seed0,dense,0,0.9,blocks.1.mlp.gate_proj.weight,340518,52698,393216,0.8659820556640625
dense-lr6e-4-seed0,dense,0,0.9,blocks.1.mlp.up_proj.weight,341192,52024,393216,0.8676961263020834
dense-lr6e-4-seed0,dense,0,0.9,blocks.2.attn.k_proj.weight,123456,24000,147456,0.8372395833333334
dense-lr6e-4-seed0,dense,0,0.9,blocks.2.attn.o_proj.weight,147417,39,147456,0.9997355143229166
dense-lr6e-4-seed0,dense,0,0.9,blocks.2.attn.q_proj.weight,122070,25386,147456,0.8278401692708334
dense-lr6e-4-seed0,dense,0,0.9,blocks.2.attn.v_proj.weight,131911,15545,147456,0.8945787217881944
dense-lr6e-4-seed0,dense,0,0.9,blocks.2.mlp.down_proj.weight,392432,784,393216,0.9980061848958334
dense-lr6e-4-seed0,dense,0,0.9,blocks.2.mlp.gate_proj.weight,339629,53587,393216,0.8637212117513021
dense-lr6e-4-seed0,dense,0,0.9,blocks.2.mlp.up_proj.weight,340050,53166,393216,0.8647918701171875
dense-lr6e-4-seed0,dense,0,0.9,blocks.3.attn.k_proj.weight,124112,23344,147456,0.8416883680555556
dense-lr6e-4-seed0,dense,0,0.9,blocks.3.attn.o_proj.weight,147439,17,147456,0.9998847113715278
dense-lr6e-4-seed0,dense,0,0.9,blocks.3.attn.q_proj.weight,123037,24419,147456,0.8343980577256944
dense-lr6e-4-seed0,dense,0,0.9,blocks.3.attn.v_proj.weight,132312,15144,147456,0.8972981770833334
dense-lr6e-4-seed0,dense,0,0.9,blocks.3.mlp.down_proj.weight,392510,706,393216,0.9982045491536459
dense-lr6e-4-seed0,dense,0,0.9,blocks.3.mlp.gate_proj.weight,339880,53336,393216,0.8643595377604166
dense-lr6e-4-seed0,dense,0,0.9,blocks.3.mlp.up_proj.weight,340906,52310,393216,0.8669687906901041
dense-lr6e-4-seed0,dense,0,0.9,blocks.4.attn.k_proj.weight,123337,24119,147456,0.8364325629340278
dense-lr6e-4-seed0,dense,0,0.9,blocks.4.attn.o_proj.weight,147294,162,147456,0.9989013671875
dense-lr6e-4-seed0,dense,0,0.9,blocks.4.attn.q_proj.weight,121264,26192,147456,0.8223741319444444
dense-lr6e-4-seed0,dense,0,0.9,blocks.4.attn.v_proj.weight,130674,16782,147456,0.8861897786458334
dense-lr6e-4-seed0,dense,0,0.9,blocks.4.mlp.down_proj.weight,391794,1422,393216,0.9963836669921875
dense-lr6e-4-seed0,dense,0,0.9,blocks.4.mlp.gate_proj.weight,335708,57508,393216,0.8537495930989584
dense-lr6e-4-seed0,dense,0,0.9,blocks.4.mlp.up_proj.weight,337245,55971,393216,0.8576583862304688
dense-lr6e-4-seed0,dense,0,0.9,blocks.5.attn.k_proj.weight,121297,26159,147456,0.8225979275173612
dense-lr6e-4-seed0,dense,0,0.9,blocks.5.attn.o_proj.weight,147127,329,147456,0.9977688259548612
dense-lr6e-4-seed0,dense,0,0.9,blocks.5.attn.q_proj.weight,119212,28244,147456,0.8084581163194444
dense-lr6e-4-seed0,dense,0,0.9,blocks.5.attn.v_proj.weight,130016,17440,147456,0.8817274305555556
dense-lr6e-4-seed0,dense,0,0.9,blocks.5.mlp.down_proj.weight,390446,2770,393216,0.9929555257161459
dense-lr6e-4-seed0,dense,0,0.9,blocks.5.mlp.gate_proj.weight,330446,62770,393216,0.8403676350911459
dense-lr6e-4-seed0,dense,0,0.9,blocks.5.mlp.up_proj.weight,332685,60531,393216,0.8460617065429688
dense-lr6e-4-seed0,dense,0,0.95,blocks.0.attn.k_proj.weight,135118,12338,147456,0.9163275824652778
dense-lr6e-4-seed0,dense,0,0.95,blocks.0.attn.o_proj.weight,147456,0,147456,1.0
dense-lr6e-4-seed0,dense,0,0.95,blocks.0.attn.q_proj.weight,134124,13332,147456,0.9095865885416666
dense-lr6e-4-seed0,dense,0,0.95,blocks.0.attn.v_proj.weight,141890,5566,147456,0.9622531467013888
dense-lr6e-4-seed0,dense,0,0.95,blocks.0.mlp.down_proj.weight,393155,61,393216,0.9998448689778646
dense-lr6e-4-seed0,dense,0,0.95,blocks.0.mlp.gate_proj.weight,367039,26177,393216,0.9334284464518229
dense-lr6e-4-seed0,dense,0,0.95,blocks.0.mlp.up_proj.weight,366889,26327,393216,0.9330469767252604
dense-lr6e-4-seed0,dense,0,0.95,blocks.1.attn.k_proj.weight,133952,13504,147456,0.9084201388888888
dense-lr6e-4-seed0,dense,0,0.95,blocks.1.attn.o_proj.weight,147454,2,147456,0.9999864366319444
dense-lr6e-4-seed0,dense,0,0.95,blocks.1.attn.q_proj.weight,133753,13703,147456,0.9070705837673612
dense-lr6e-4-seed0,dense,0,0.95,blocks.1.attn.v_proj.weight,141832,5624,147456,0.9618598090277778
dense-lr6e-4-seed0,dense,0,0.95,blocks.1.mlp.down_proj.weight,393174,42,393216,0.9998931884765625
dense-lr6e-4-seed0,dense,0,0.95,blocks.1.mlp.gate_proj.weight,367915,25301,393216,0.9356562296549479
dense-lr6e-4-seed0,dense,0,0.95,blocks.1.mlp.up_proj.weight,368022,25194,393216,0.9359283447265625
dense-lr6e-4-seed0,dense,0,0.95,blocks.2.attn.k_proj.weight,134623,12833,147456,0.9129706488715278
dense-lr6e-4-seed0,dense,0,0.95,blocks.2.attn.o_proj.weight,147454,2,147456,0.9999864366319444
dense-lr6e-4-seed0,dense,0,0.95,blocks.2.attn.q_proj.weight,133504,13952,147456,0.9053819444444444
dense-lr6e-4-seed0,dense,0,0.95,blocks.2.attn.v_proj.weight,140729,6727,147456,0.9543796115451388
dense-lr6e-4-seed0,dense,0,0.95,blocks.2.mlp.down_proj.weight,393158,58,393216,0.9998524983723959
dense-lr6e-4-seed0,dense,0,0.95,blocks.2.mlp.gate_proj.weight,367013,26203,393216,0.9333623250325521
dense-lr6e-4-seed0,dense,0,0.95,blocks.2.mlp.up_proj.weight,367581,25635,393216,0.9348068237304688
dense-lr6e-4-seed0,dense,0,0.95,blocks.3.attn.k_proj.weight,135182,12274,147456,0.9167616102430556
dense-lr6e-4-seed0,dense,0,0.95,blocks.3.attn.o_proj.weight,147456,0,147456,1.0
dense-lr6e-4-seed0,dense,0,0.95,blocks.3.attn.q_proj.weight,134304,13152,147456,0.9108072916666666
dense-lr6e-4-seed0,dense,0,0.95,blocks.3.attn.v_proj.weight,140840,6616,147456,0.9551323784722222
dense-lr6e-4-seed0,dense,0,0.95,blocks.3.mlp.down_proj.weight,393158,58,393216,0.9998524983723959
dense-lr6e-4-seed0,dense,0,0.95,blocks.3.mlp.gate_proj.weight,367108,26108,393216,0.9336039225260416
dense-lr6e-4-seed0,dense,0,0.95,blocks.3.mlp.up_proj.weight,367878,25338,393216,0.9355621337890625
dense-lr6e-4-seed0,dense,0,0.95,blocks.4.attn.k_proj.weight,134411,13045,147456,0.9115329318576388
dense-lr6e-4-seed0,dense,0,0.95,blocks.4.attn.o_proj.weight,147446,10,147456,0.9999321831597222
dense-lr6e-4-seed0,dense,0,0.95,blocks.4.attn.q_proj.weight,133173,14283,147456,0.90313720703125
dense-lr6e-4-seed0,dense,0,0.95,blocks.4.attn.v_proj.weight,139802,7654,147456,0.9480929904513888
dense-lr6e-4-seed0,dense,0,0.95,blocks.4.mlp.down_proj.weight,393065,151,393216,0.9996159871419271
dense-lr6e-4-seed0,dense,0,0.95,blocks.4.mlp.gate_proj.weight,364560,28656,393216,0.9271240234375
dense-lr6e-4-seed0,dense,0,0.95,blocks.4.mlp.up_proj.weight,365261,27955,393216,0.9289067586263021
dense-lr6e-4-seed0,dense,0,0.95,blocks.5.attn.k_proj.weight,133053,14403,147456,0.9023234049479166
dense-lr6e-4-seed0,dense,0,0.95,blocks.5.attn.o_proj.weight,147422,34,147456,0.9997694227430556
dense-lr6e-4-seed0,dense,0,0.95,blocks.5.attn.q_proj.weight,131556,15900,147456,0.8921712239583334
dense-lr6e-4-seed0,dense,0,0.95,blocks.5.attn.v_proj.weight,139312,8144,147456,0.9447699652777778
dense-lr6e-4-seed0,dense,0,0.95,blocks.5.mlp.down_proj.weight,392819,397,393216,0.9989903767903646
dense-lr6e-4-seed0,dense,0,0.95,blocks.5.mlp.gate_proj.weight,360236,32980,393216,0.9161275227864584
dense-lr6e-4-seed0,dense,0,0.95,blocks.5.mlp.up_proj.weight,362113,31103,393216,0.9209009806315104
l1-a1e-5-lr6e-4-seed0,l1,0,0.0,blocks.0.attn.k_proj.weight,0,147456,147456,0.0
l1-a1e-5-lr6e-4-seed0,l1,0,0.0,blocks.0.attn.o_proj.weight,0,147456,147456,0.0
l1-a1e-5-lr6e-4-seed0,l1,0,0.0,blocks.0.attn.q_proj.weight,0,147456,147456,0.0
l1-a1e-5-lr6e-4-seed0,l1,0,0.0,blocks.0.attn.v_proj.weight,0,147456,147456,0.0
l1-a1e-5-lr6e-4-seed0,l1,0,0.0,blocks.0.mlp.down_proj.weight,0,393216,393216,0.0
l1-a1e-5-lr6e-4-seed0,l1,0,0.0,blocks.0.mlp.gate_proj.weight,0,393216,393216,0.0
l1-a1e-5-lr6e-4-seed0,l1,0,0.0,blocks.0.mlp.up_proj.weight,0,393216,393216,0.0
l1-a1e-5-lr6e-4-seed0,l1,0,0.0,blocks.1.attn.k_proj.weight,0,147456,147456,0.0
l1-a1e-5-lr6e-4-seed0,l1,0,0.0,blocks.1.attn.o_proj.weight,0,147456,147456,0.0
l1-a1e-5-lr6e-4-seed0,l1,0,0.0,blocks.1.attn.q_proj.weight,0,147456,147456,0.0
l1-a1e-5-lr6e-4-seed0,l1,0,0.0,blocks.1.attn.v_proj.weight,0,147456,147456,0.0
l1-a1e-5-lr6e-4-seed0,l1,0,0.0,blocks.1.mlp.down_proj.weight,0,393216,393216,0.0
l1-a1e-5-lr6e-4-seed0,l1,0,0.0,blocks.1.mlp.gate_proj.weight,0,393216,393216,0.0
l1-a1e-5-lr6e-4-seed0,l1,0,0.0,blocks.1.mlp.up_proj.weight,0,393216,393216,0.0
l1-a1e-5-lr6e-4-seed0,l1,0,0.0,blocks.2.attn.k_proj.weight,0,147456,147456,0.0
l1-a1e-5-lr6e-4-seed0,l1,0,0.0,blocks.2.attn.o_proj.weight,0,147456,147456,0.0
l1-a1e-5-lr6e-4-seed0,l1,0,0.0,blocks.2.attn.q_proj.weight,0,147456,147456,0.0
l1-a1e-5-lr6e-4-seed0,l1,0,0.0,blocks.2.attn.v_proj.weight,0,147456,147456,0.0
l1-a1e-5-lr6e-4-seed0,l1,0,0.0,blocks.2.mlp.down_proj.weight,0,393216,393216,0.0
l1-a1e-5-lr6e-4-seed0,l1,0,0.0,blocks.2.mlp.gate_proj.weight,0,393216,393216,0.0
l1-a1e-5-lr6e-4-seed0,l1,0,0.0,blocks.2.mlp.up_proj.weight,0,393216,393216,0.0
l1-a1e-5-lr6e-4-seed0,l1,0,0.0,blocks.3.attn.k_proj.weight,0,147456,147456,0.0
l1-a1e-5-lr6e-4-seed0,l1,0,0.0,blocks.3.attn.o_proj.weight,0,147456,147456,0.0
l1-a1e-5-lr6e-4-seed0,l1,0,0.0,blocks.3.attn.q_proj.weight,0,147456,147456,0.0
l1-a1e-5-lr6e-4-seed0,l1,0,0.0,blocks.3.attn.v_proj.weight,0,147456,147456,0.0
l1-a1e-5-lr6e-4-seed0,l1,0,0.0,blocks.3.mlp.down_proj.weight,0,393216,393216,0.0
l1-a1e-5-lr6e-4-seed0,l1,0,0.0,blocks.3.mlp.gate_proj.weight,0,393216,393216,0.0
l1-a1e-5-lr6e-4-seed0,l1,0,0.0,blocks.3.mlp.up_proj.weight,0,393216,393216,0.0
l1-a1e-5-lr6e-4-seed0,l1,0,0.0,blocks.4.attn.k_proj.weight,0,147456,147456,0.0
l1-a1e-5-lr6e-4-seed0,l1,0,0.0,blocks.4.attn.o_proj.weight,0,147456,147456,0.0
l1-a1e-5-lr6e-4-seed0,l1,0,0.0,blocks.4.attn.q_proj.weight,0,147456,147456,0.0
l1-a1e-5-lr6e-4-seed0,l1,0,0.0,blocks.4.attn.v_proj.weight,0,147456,147456,0.0
l1-a1e-5-lr6e-4-seed0,l1,0,0.0,blocks.4.mlp.down_proj.weight,0,393216,393216,0.0
l1-a1e-5-lr6e-4-seed0,l1,0,0.0,blocks.4.mlp.gate_proj.weight,0,393216,393216,0.0
l1-a1e-5-lr6e-4-seed0,l1,0,0.0,blocks.4.mlp.up_proj.weight,0,393216,393216,0.0
l1-a1e-5-lr6e-4-seed0,l1,0,0.0,blocks.5.attn.k_proj.weight,0,147456,147456,0.0
l1-a1e-5-lr6e-4-seed0,l1,0,0.0,blocks.5.attn.o_proj.weight,0,147456,147456,0.0
l1-a1e-5-lr6e-4-seed0,l1,0,0.0,blocks.5.attn.q_proj.weight,0,147456,147456,0.0
l1-a1e-5-lr6e-4-seed0,l1,0,0.0,blocks.5.attn.v_proj.weight,0,147456,147456,0.0
l1-a1e-5-lr6e-4-seed0,l1,0,0.0,blocks.5.mlp.down_proj.weight,0,393216,393216,0.0
l1-a1e-5-lr6e-4-seed0,l1,0,0.0,blocks.5.mlp.gate_proj.weight,0,393216,393216,0.0
l1-a1e-5-lr6e-4-seed0,l1,0,0.0,blocks.5.mlp.up_proj.weight,0,393216,393216,0.0
l1-a1e-5-lr6e-4-seed0,l1,0,0.3,blocks.0.attn.k_proj.weight,19275,128181,147456,0.13071695963541666
l1-a1e-5-lr6e-4-seed0,l1,0,0.3,blocks.0.attn.o_proj.weight,169,147287,147456,0.0011461046006944445
l1-a1e-5-lr6e-4-seed0,l1,0,0.3,blocks.0.attn.q_proj.weight,19282,128174,147456,0.1307644314236111
l1-a1e-5-lr6e-4-seed0,l1,0,0.3,blocks.0.attn.v_proj.weight,150,147306,147456,0.0010172526041666667
l1-a1e-5-lr6e-4-seed0,l1,0,0.3,blocks.0.mlp.down_proj.weight,751,392465,393216,0.0019098917643229167
l1-a1e-5-lr6e-4-seed0,l1,0,0.3,blocks.0.mlp.gate_proj.weight,1059,392157,393216,0.00269317626953125
l1-a1e-5-lr6e-4-seed0,l1,0,0.3,blocks.0.mlp.up_proj.weight,1152,392064,393216,0.0029296875
l1-a1e-5-lr6e-4-seed0,l1,0,0.3,blocks.1.attn.k_proj.weight,88262,59194,147456,0.5985649956597222
l1-a1e-5-lr6e-4-seed0,l1,0,0.3,blocks.1.attn.o_proj.weight,684,146772,147456,0.004638671875
l1-a1e-5-lr6e-4-seed0,l1,0,0.3,blocks.1.attn.q_proj.weight,88421,59035,147456,0.5996432834201388
l1-a1e-5-lr6e-4-seed0,l1,0,0.3,blocks.1.attn.v_proj.weight,1437,146019,147456,0.009745279947916666
l1-a1e-5-lr6e-4-seed0,l1,0,0.3,blocks.1.mlp.down_proj.weight,21644,371572,393216,0.055043538411458336
l1-a1e-5-lr6e-4-seed0,l1,0,0.3,blocks.1.mlp.gate_proj.weight,23632,369584,393216,0.060099283854166664
l1-a1e-5-lr6e-4-seed0,l1,0,0.3,blocks.1.mlp.up_proj.weight,23532,369684,393216,0.059844970703125
l1-a1e-5-lr6e-4-seed0,l1,0,0.3,blocks.2.attn.k_proj.weight,88517,58939,147456,0.6002943250868056
l1-a1e-5-lr6e-4-seed0,l1,0,0.3,blocks.2.attn.o_proj.weight,1612,145844,147456,0.010932074652777778
l1-a1e-5-lr6e-4-seed0,l1,0,0.3,blocks.2.attn.q_proj.weight,88691,58765,147456,0.6014743381076388
l1-a1e-5-lr6e-4-seed0,l1,0,0.3,blocks.2.attn.v_proj.weight,3817,143639,147456,0.025885687934027776
l1-a1e-5-lr6e-4-seed0,l1,0,0.3,blocks.2.mlp.down_proj.weight,113885,279331,393216,0.28962453206380206
l1-a1e-5-lr6e-4-seed0,l1,0,0.3,blocks.2.mlp.gate_proj.weight,116348,276868,393216,0.2958882649739583
l1-a1e-5-lr6e-4-seed0,l1,0,0.3,blocks.2.mlp.up_proj.weight,116261,276955,393216,0.29566701253255206
l1-a1e-5-lr6e-4-seed0,l1,0,0.3,blocks.3.attn.k_proj.weight,89895,57561,147456,0.6096394856770834
l1-a1e-5-lr6e-4-seed0,l1,0,0.3,blocks.3.attn.o_proj.weight,8964,138492,147456,0.060791015625
l1-a1e-5-lr6e-4-seed0,l1,0,0.3,blocks.3.attn.q_proj.weight,90106,57350,147456,0.6110704210069444
l1-a1e-5-lr6e-4-seed0,l1,0,0.3,blocks.3.attn.v_proj.weight,19619,127837,147456,0.1330498589409722
l1-a1e-5-lr6e-4-seed0,l1,0,0.3,blocks.3.mlp.down_proj.weight,173467,219749,393216,0.44114939371744794
l1-a1e-5-lr6e-4-seed0,l1,0,0.3,blocks.3.mlp.gate_proj.weight,175915,217301,393216,0.44737497965494794
l1-a1e-5-lr6e-4-seed0,l1,0,0.3,blocks.3.mlp.up_proj.weight,176036,217180,393216,0.4476826985677083
l1-a1e-5-lr6e-4-seed0,l1,0,0.3,blocks.4.attn.k_proj.weight,90693,56763,147456,0.61505126953125
l1-a1e-5-lr6e-4-seed0,l1,0,0.3,blocks.4.attn.o_proj.weight,9261,138195,147456,0.06280517578125
l1-a1e-5-lr6e-4-seed0,l1,0,0.3,blocks.4.attn.q_proj.weight,90201,57255,147456,0.6117146809895834
l1-a1e-5-lr6e-4-seed0,l1,0,0.3,blocks.4.attn.v_proj.weight,21345,126111,147456,0.14475504557291666
l1-a1e-5-lr6e-4-seed0,l1,0,0.3,blocks.4.mlp.down_proj.weight,193036,200180,393216,0.4909159342447917
l1-a1e-5-lr6e-4-seed0,l1,0,0.3,blocks.4.mlp.gate_proj.weight,194179,199037,393216,0.49382273356119794
l1-a1e-5-lr6e-4-seed0,l1,0,0.3,blocks.4.mlp.up_proj.weight,194390,198826,393216,0.4943593343098958
l1-a1e-5-lr6e-4-seed0,l1,0,0.3,blocks.5.attn.k_proj.weight,89822,57634,147456,0.6091444227430556
l1-a1e-5-lr6e-4-seed0,l1,0,0.3,blocks.5.attn.o_proj.weight,3616,143840,147456,0.024522569444444444
l1-a1e-5-lr6e-4-seed0,l1,0,0.3,blocks.5.attn.q_proj.weight,89764,57692,147456,0.6087510850694444
l1-a1e-5-lr6e-4-seed0,l1,0,0.3,blocks.5.attn.v_proj.weight,9964,137492,147456,0.06757269965277778
l1-a1e-5-lr6e-4-seed0,l1,0,0.3,blocks.5.mlp.down_proj.weight,214972,178244,393216,0.5467020670572916
l1-a1e-5-lr6e-4-seed0,l1,0,0.3,blocks.5.mlp.gate_proj.weight,215605,177611,393216,0.5483118693033854
l1-a1e-5-lr6e-4-seed0,l1,0,0.3,blocks.5.mlp.up_proj.weight,215619,177597,393216,0.5483474731445312
l1-a1e-5-lr6e-4-seed0,l1,0,0.5,blocks.0.attn.k_proj.weight,36916,110540,147456,0.2503526475694444
l1-a1e-5-lr6e-4-seed0,l1,0,0.5,blocks.0.attn.o_proj.weight,546,146910,147456,0.0037027994791666665
l1-a1e-5-lr6e-4-seed0,l1,0,0.5,blocks.0.attn.q_proj.weight,36659,110797,147456,0.24860975477430555
l1-a1e-5-lr6e-4-seed0,l1,0,0.5,blocks.0.attn.v_proj.weight,454,147002,147456,0.003078884548611111
l1-a1e-5-lr6e-4-seed0,l1,0,0.5,blocks.0.mlp.down_proj.weight,2397,390819,393216,0.00609588623046875
l1-a1e-5-lr6e-4-seed0,l1,0,0.5,blocks.0.mlp.gate_proj.weight,3433,389783,393216,0.008730570475260416
l1-a1e-5-lr6e-4-seed0,l1,0,0.5,blocks.0.mlp.up_proj.weight,3625,389591,393216,0.009218851725260416
l1-a1e-5-lr6e-4-seed0,l1,0,0.5,blocks.1.attn.k_proj.weight,145563,1893,147456,0.9871622721354166
l1-a1e-5-lr6e-4-seed0,l1,0,0.5,blocks.1.attn.o_proj.weight,2244,145212,147456,0.015218098958333334
l1-a1e-5-lr6e-4-seed0,l1,0,0.5,blocks.1.attn.q_proj.weight,145538,1918,147456,0.9869927300347222
l1-a1e-5-lr6e-4-seed0,l1,0,0.5,blocks.1.attn.v_proj.weight,4589,142867,147456,0.031121148003472224
l1-a1e-5-lr6e-4-seed0,l1,0,0.5,blocks.1.mlp.down_proj.weight,39617,353599,393216,0.10075124104817708
l1-a1e-5-lr6e-4-seed0,l1,0,0.5,blocks.1.mlp.gate_proj.weight,44117,349099,393216,0.11219533284505208
l1-a1e-5-lr6e-4-seed0,l1,0,0.5,blocks.1.mlp.up_proj.weight,44044,349172,393216,0.11200968424479167
l1-a1e-5-lr6e-4-seed0,l1,0,0.5,blocks.2.attn.k_proj.weight,144889,2567,147456,0.9825914171006944
l1-a1e-5-lr6e-4-seed0,l1,0,0.5,blocks.2.attn.o_proj.weight,5310,142146,147456,0.0360107421875
l1-a1e-5-lr6e-4-seed0,l1,0,0.5,blocks.2.attn.q_proj.weight,144854,2602,147456,0.9823540581597222
l1-a1e-5-lr6e-4-seed0,l1,0,0.5,blocks.2.attn.v_proj.weight,12312,135144,147456,0.08349609375
l1-a1e-5-lr6e-4-seed0,l1,0,0.5,blocks.2.mlp.down_proj.weight,188491,204725,393216,0.47935740152994794
l1-a1e-5-lr6e-4-seed0,l1,0,0.5,blocks.2.mlp.gate_proj.weight,194037,199179,393216,0.49346160888671875
l1-a1e-5-lr6e-4-seed0,l1,0,0.5,blocks.2.mlp.up_proj.weight,194125,199091,393216,0.49368540445963544
l1-a1e-5-lr6e-4-seed0,l1,0,0.5,blocks.3.attn.k_proj.weight,145822,1634,147456,0.9889187282986112
l1-a1e-5-lr6e-4-seed0,l1,0,0.5,blocks.3.attn.o_proj.weight,24547,122909,147456,0.1664699978298611
l1-a1e-5-lr6e-4-seed0,l1,0,0.5,blocks.3.attn.q_proj.weight,145776,1680,147456,0.9886067708333334
l1-a1e-5-lr6e-4-seed0,l1,0,0.5,blocks.3.attn.v_proj.weight,47713,99743,147456,0.3235744900173611
l1-a1e-5-lr6e-4-seed0,l1,0,0.5,blocks.3.mlp.down_proj.weight,284040,109176,393216,0.72235107421875
l1-a1e-5-lr6e-4-seed0,l1,0,0.5,blocks.3.mlp.gate_proj.weight,288667,104549,393216,0.7341181437174479
l1-a1e-5-lr6e-4-seed0,l1,0,0.5,blocks.3.mlp.up_proj.weight,288887,104329,393216,0.7346776326497396
l1-a1e-5-lr6e-4-seed0,l1,0,0.5,blocks.4.attn.k_proj.weight,145803,1653,147456,0.9887898763020834
l1-a1e-5-lr6e-4-seed0,l1,0,0.5,blocks.4.attn.o_proj.weight,25659,121797,147456,0.17401123046875
l1-a1e-5-lr6e-4-seed0,l1,0,0.5,blocks.4.attn.q_proj.weight,145791,1665,147456,0.98870849609375
l1-a1e-5-lr6e-4-seed0,l1,0,0.5,blocks.4.attn.v_proj.weight,53512,93944,147456,0.3629014756944444
l1-a1e-5-lr6e-4-seed0,l1,0,0.5,blocks.4.mlp.down_proj.weight,313038,80178,393216,0.7960968017578125
l1-a1e-5-lr6e-4-seed0,l1,0,0.5,blocks.4.mlp.gate_proj.weight,315586,77630,393216,0.8025767008463541
l1-a1e-5-lr6e-4-seed0,l1,0,0.5,blocks.4.mlp.up_proj.weight,315351,77865,393216,0.8019790649414062
l1-a1e-5-lr6e-4-seed0,l1,0,0.5,blocks.5.attn.k_proj.weight,145755,1701,147456,0.98846435546875
l1-a1e-5-lr6e-4-seed0,l1,0,0.5,blocks.5.attn.o_proj.weight,11427,136029,147456,0.07749430338541667
l1-a1e-5-lr6e-4-seed0,l1,0,0.5,blocks.5.attn.q_proj.weight,145765,1691,147456,0.9885321723090278
l1-a1e-5-lr6e-4-seed0,l1,0,0.5,blocks.5.attn.v_proj.weight,28521,118935,147456,0.19342041015625
l1-a1e-5-lr6e-4-seed0,l1,0,0.5,blocks.5.mlp.down_proj.weight,346767,46449,393216,0.8818740844726562
l1-a1e-5-lr6e-4-seed0,l1,0,0.5,blocks.5.mlp.gate_proj.weight,348052,45164,393216,0.8851420084635416
l1-a1e-5-lr6e-4-seed0,l1,0,0.5,blocks.5.mlp.up_proj.weight,348177,45039,393216,0.8854598999023438
l1-a1e-5-lr6e-4-seed0,l1,0,0.7,blocks.0.attn.k_proj.weight,73382,74074,147456,0.4976535373263889
l1-a1e-5-lr6e-4-seed0,l1,0,0.7,blocks.0.attn.o_proj.weight,24659,122797,147456,0.1672295464409722
l1-a1e-5-lr6e-4-seed0,l1,0,0.7,blocks.0.attn.q_proj.weight,75273,72183,147456,0.5104777018229166
l1-a1e-5-lr6e-4-seed0,l1,0,0.7,blocks.0.attn.v_proj.weight,14594,132862,147456,0.0989718967013889
l1-a1e-5-lr6e-4-seed0,l1,0,0.7,blocks.0.mlp.down_proj.weight,84141,309075,393216,0.21398162841796875
l1-a1e-5-lr6e-4-seed0,l1,0,0.7,blocks.0.mlp.gate_proj.weight,88461,304755,393216,0.22496795654296875
l1-a1e-5-lr6e-4-seed0,l1,0,0.7,blocks.0.mlp.up_proj.weight,91353,301863,393216,0.23232269287109375
l1-a1e-5-lr6e-4-seed0,l1,0,0.7,blocks.1.attn.k_proj.weight,147456,0,147456,1.0
l1-a1e-5-lr6e-4-seed0,l1,0,0.7,blocks.1.attn.o_proj.weight,64989,82467,147456,0.44073486328125
l1-a1e-5-lr6e-4-seed0,l1,0,0.7,blocks.1.attn.q_proj.weight,147456,0,147456,1.0
l1-a1e-5-lr6e-4-seed0,l1,0,0.7,blocks.1.attn.v_proj.weight,69470,77986,147456,0.4711235894097222
l1-a1e-5-lr6e-4-seed0,l1,0,0.7,blocks.1.mlp.down_proj.weight,144200,249016,393216,0.3667195638020833
l1-a1e-5-lr6e-4-seed0,l1,0,0.7,blocks.1.mlp.gate_proj.weight,162959,230257,393216,0.41442616780598956
l1-a1e-5-lr6e-4-seed0,l1,0,0.7,blocks.1.mlp.up_proj.weight,165880,227336,393216,0.4218546549479167
l1-a1e-5-lr6e-4-seed0,l1,0,0.7,blocks.2.attn.k_proj.weight,146731,725,147456,0.9950832790798612
l1-a1e-5-lr6e-4-seed0,l1,0,0.7,blocks.2.attn.o_proj.weight,90343,57113,147456,0.6126776801215278
l1-a1e-5-lr6e-4-seed0,l1,0,0.7,blocks.2.attn.q_proj.weight,146740,716,147456,0.9951443142361112
l1-a1e-5-lr6e-4-seed0,l1,0,0.7,blocks.2.attn.v_proj.weight,93174,54282,147456,0.6318766276041666
l1-a1e-5-lr6e-4-seed0,l1,0,0.7,blocks.2.mlp.down_proj.weight,263803,129413,393216,0.6708857218424479
l1-a1e-5-lr6e-4-seed0,l1,0,0.7,blocks.2.mlp.gate_proj.weight,281100,112116,393216,0.714874267578125
l1-a1e-5-lr6e-4-seed0,l1,0,0.7,blocks.2.mlp.up_proj.weight,282477,110739,393216,0.7183761596679688
l1-a1e-5-lr6e-4-seed0,l1,0,0.7,blocks.3.attn.k_proj.weight,147456,0,147456,1.0
l1-a1e-5-lr6e-4-seed0,l1,0,0.7,blocks.3.attn.o_proj.weight,125911,21545,147456,0.8538886176215278
l1-a1e-5-lr6e-4-seed0,l1,0,0.7,blocks.3.attn.q_proj.weight,147456,0,147456,1.0
l1-a1e-5-lr6e-4-seed0,l1,0,0.7,blocks.3.attn.v_proj.weight,123889,23567,147456,0.8401760525173612
l1-a1e-5-lr6e-4-seed0,l1,0,0.7,blocks.3.mlp.down_proj.weight,329263,63953,393216,0.8373591105143229
l1-a1e-5-lr6e-4-seed0,l1,0,0.7,blocks.3.mlp.gate_proj.weight,339401,53815,393216,0.8631413777669271
l1-a1e-5-lr6e-4-seed0,l1,0,0.7,blocks.3.mlp.up_proj.weight,340070,53146,393216,0.8648427327473959
l1-a1e-5-lr6e-4-seed0,l1,0,0.7,blocks.4.attn.k_proj.weight,147456,0,147456,1.0
l1-a1e-5-lr6e-4-seed0,l1,0,0.7,blocks.4.attn.o_proj.weight,130303,17153,147456,0.8836737738715278
l1-a1e-5-lr6e-4-seed0,l1,0,0.7,blocks.4.attn.q_proj.weight,147456,0,147456,1.0
l1-a1e-5-lr6e-4-seed0,l1,0,0.7,blocks.4.attn.v_proj.weight,126028,21428,147456,0.8546820746527778
l1-a1e-5-lr6e-4-seed0,l1,0,0.7,blocks.4.mlp.down_proj.weight,345265,47951,393216,0.8780543009440104
l1-a1e-5-lr6e-4-seed0,l1,0,0.7,blocks.4.mlp.gate_proj.weight,352257,40959,393216,0.8958358764648438
l1-a1e-5-lr6e-4-seed0,l1,0,0.7,blocks.4.mlp.up_proj.weight,352617,40599,393216,0.8967514038085938
l1-a1e-5-lr6e-4-seed0,l1,0,0.7,blocks.5.attn.k_proj.weight,147456,0,147456,1.0
l1-a1e-5-lr6e-4-seed0,l1,0,0.7,blocks.5.attn.o_proj.weight,112702,34754,147456,0.7643093532986112
l1-a1e-5-lr6e-4-seed0,l1,0,0.7,blocks.5.attn.q_proj.weight,147456,0,147456,1.0
l1-a1e-5-lr6e-4-seed0,l1,0,0.7,blocks.5.attn.v_proj.weight,101378,46078,147456,0.6875135633680556
l1-a1e-5-lr6e-4-seed0,l1,0,0.7,blocks.5.mlp.down_proj.weight,367774,25442,393216,0.9352976481119791
l1-a1e-5-lr6e-4-seed0,l1,0,0.7,blocks.5.mlp.gate_proj.weight,370770,22446,393216,0.9429168701171875
l1-a1e-5-lr6e-4-seed0,l1,0,0.7,blocks.5.mlp.up_proj.weight,370777,22439,393216,0.9429346720377604
l1-a1e-5-lr6e-4-seed0,l1,0,0.8,blocks.0.attn.k_proj.weight,92178,55278,147456,0.6251220703125
l1-a1e-5-lr6e-4-seed0,l1,0,0.8,blocks.0.attn.o_proj.weight,72449,75007,147456,0.4913262261284722
l1-a1e-5-lr6e-4-seed0,l1,0,0.8,blocks.0.attn.q_proj.weight,93049,54407,147456,0.6310289171006944
l1-a1e-5-lr6e-4-seed0,l1,0,0.8,blocks.0.attn.v_proj.weight,37203,110253,147456,0.2522989908854167
l1-a1e-5-lr6e-4-seed0,l1,0,0.8,blocks.0.mlp.down_proj.weight,198355,194861,393216,0.5044428507486979
l1-a1e-5-lr6e-4-seed0,l1,0,0.8,blocks.0.mlp.gate_proj.weight,164819,228397,393216,0.41915639241536456
l1-a1e-5-lr6e-4-seed0,l1,0,0.8,blocks.0.mlp.up_proj.weight,168382,224834,393216,0.4282175699869792
l1-a1e-5-lr6e-4-seed0,l1,0,0.8,blocks.1.attn.k_proj.weight,147456,0,147456,1.0
l1-a1e-5-lr6e-4-seed0,l1,0,0.8,blocks.1.attn.o_proj.weight,115481,31975,147456,0.7831556532118056
l1-a1e-5-lr6e-4-seed0,l1,0,0.8,blocks.1.attn.q_proj.weight,147456,0,147456,1.0
l1-a1e-5-lr6e-4-seed0,l1,0,0.8,blocks.1.attn.v_proj.weight,89101,58355,147456,0.6042548285590278
l1-a1e-5-lr6e-4-seed0,l1,0,0.8,blocks.1.mlp.down_proj.weight,242425,150791,393216,0.6165186564127604
l1-a1e-5-lr6e-4-seed0,l1,0,0.8,blocks.1.mlp.gate_proj.weight,234206,159010,393216,0.5956166585286459
l1-a1e-5-lr6e-4-seed0,l1,0,0.8,blocks.1.mlp.up_proj.weight,237548,155668,393216,0.6041158040364584
l1-a1e-5-lr6e-4-seed0,l1,0,0.8,blocks.2.attn.k_proj.weight,146811,645,147456,0.9956258138020834
l1-a1e-5-lr6e-4-seed0,l1,0,0.8,blocks.2.attn.o_proj.weight,125383,22073,147456,0.8503078884548612
l1-a1e-5-lr6e-4-seed0,l1,0,0.8,blocks.2.attn.q_proj.weight,146852,604,147456,0.9959038628472222
l1-a1e-5-lr6e-4-seed0,l1,0,0.8,blocks.2.attn.v_proj.weight,109337,38119,147456,0.7414889865451388
l1-a1e-5-lr6e-4-seed0,l1,0,0.8,blocks.2.mlp.down_proj.weight,316007,77209,393216,0.8036473592122396
l1-a1e-5-lr6e-4-seed0,l1,0,0.8,blocks.2.mlp.gate_proj.weight,316954,76262,393216,0.8060557047526041
l1-a1e-5-lr6e-4-seed0,l1,0,0.8,blocks.2.mlp.up_proj.weight,318973,74243,393216,0.8111902872721354
l1-a1e-5-lr6e-4-seed0,l1,0,0.8,blocks.3.attn.k_proj.weight,147456,0,147456,1.0
l1-a1e-5-lr6e-4-seed0,l1,0,0.8,blocks.3.attn.o_proj.weight,139647,7809,147456,0.9470418294270834
l1-a1e-5-lr6e-4-seed0,l1,0,0.8,blocks.3.attn.q_proj.weight,147456,0,147456,1.0
l1-a1e-5-lr6e-4-seed0,l1,0,0.8,blocks.3.attn.v_proj.weight,129909,17547,147456,0.8810017903645834
l1-a1e-5-lr6e-4-seed0,l1,0,0.8,blocks.3.mlp.down_proj.weight,355149,38067,393216,0.9031906127929688
l1-a1e-5-lr6e-4-seed0,l1,0,0.8,blocks.3.mlp.gate_proj.weight,357176,36040,393216,0.9083455403645834
l1-a1e-5-lr6e-4-seed0,l1,0,0.8,blocks.3.mlp.up_proj.weight,357915,35301,393216,0.9102249145507812
l1-a1e-5-lr6e-4-seed0,l1,0,0.8,blocks.4.attn.k_proj.weight,147456,0,147456,1.0
l1-a1e-5-lr6e-4-seed0,l1,0,0.8,blocks.4.attn.o_proj.weight,141849,5607,147456,0.96197509765625
l1-a1e-5-lr6e-4-seed0,l1,0,0.8,blocks.4.attn.q_proj.weight,147456,0,147456,1.0
l1-a1e-5-lr6e-4-seed0,l1,0,0.8,blocks.4.attn.v_proj.weight,131228,16228,147456,0.8899468315972222
l1-a1e-5-lr6e-4-seed0,l1,0,0.8,blocks.4.mlp.down_proj.weight,364767,28449,393216,0.9276504516601562
l1-a1e-5-lr6e-4-seed0,l1,0,0.8,blocks.4.mlp.gate_proj.weight,365014,28202,393216,0.9282786051432291
l1-a1e-5-lr6e-4-seed0,l1,0,0.8,blocks.4.mlp.up_proj.weight,365240,27976,393216,0.9288533528645834
l1-a1e-5-lr6e-4-seed0,l1,0,0.8,blocks.5.attn.k_proj.weight,147456,0,147456,1.0
l1-a1e-5-lr6e-4-seed0,l1,0,0.8,blocks.5.attn.o_proj.weight,136076,11380,147456,0.9228244357638888
l1-a1e-5-lr6e-4-seed0,l1,0,0.8,blocks.5.attn.q_proj.weight,147456,0,147456,1.0
l1-a1e-5-lr6e-4-seed0,l1,0,0.8,blocks.5.attn.v_proj.weight,110674,36782,147456,0.7505560980902778
l1-a1e-5-lr6e-4-seed0,l1,0,0.8,blocks.5.mlp.down_proj.weight,378543,14673,393216,0.9626846313476562
l1-a1e-5-lr6e-4-seed0,l1,0,0.8,blocks.5.mlp.gate_proj.weight,377546,15670,393216,0.9601491292317709
l1-a1e-5-lr6e-4-seed0,l1,0,0.8,blocks.5.mlp.up_proj.weight,377572,15644,393216,0.9602152506510416
l1-a1e-5-lr6e-4-seed0,l1,0,0.9,blocks.0.attn.k_proj.weight,116246,31210,147456,0.7883436414930556
l1-a1e-5-lr6e-4-seed0,l1,0,0.9,blocks.0.attn.o_proj.weight,130297,17159,147456,0.8836330837673612
l1-a1e-5-lr6e-4-seed0,l1,0,0.9,blocks.0.attn.q_proj.weight,115240,32216,147456,0.7815212673611112
l1-a1e-5-lr6e-4-seed0,l1,0,0.9,blocks.0.attn.v_proj.weight,74227,73229,147456,0.5033840603298612
l1-a1e-5-lr6e-4-seed0,l1,0,0.9,blocks.0.mlp.down_proj.weight,328478,64738,393216,0.8353627522786459
l1-a1e-5-lr6e-4-seed0,l1,0,0.9,blocks.0.mlp.gate_proj.weight,252029,141187,393216,0.6409428914388021
l1-a1e-5-lr6e-4-seed0,l1,0,0.9,blocks.0.mlp.up_proj.weight,254498,138718,393216,0.6472218831380209
l1-a1e-5-lr6e-4-seed0,l1,0,0.9,blocks.1.attn.k_proj.weight,147456,0,147456,1.0
l1-a1e-5-lr6e-4-seed0,l1,0,0.9,blocks.1.attn.o_proj.weight,143936,3520,147456,0.9761284722222222
l1-a1e-5-lr6e-4-seed0,l1,0,0.9,blocks.1.attn.q_proj.weight,147456,0,147456,1.0
l1-a1e-5-lr6e-4-seed0,l1,0,0.9,blocks.1.attn.v_proj.weight,114730,32726,147456,0.7780626085069444
l1-a1e-5-lr6e-4-seed0,l1,0,0.9,blocks.1.mlp.down_proj.weight,342867,50349,393216,0.8719558715820312
l1-a1e-5-lr6e-4-seed0,l1,0,0.9,blocks.1.mlp.gate_proj.weight,300466,92750,393216,0.7641245524088541
l1-a1e-5-lr6e-4-seed0,l1,0,0.9,blocks.1.mlp.up_proj.weight,303258,89958,393216,0.7712249755859375
l1-a1e-5-lr6e-4-seed0,l1,0,0.9,blocks.2.attn.k_proj.weight,147010,446,147456,0.9969753689236112
l1-a1e-5-lr6e-4-seed0,l1,0,0.9,blocks.2.attn.o_proj.weight,143966,3490,147456,0.9763319227430556
l1-a1e-5-lr6e-4-seed0,l1,0,0.9,blocks.2.attn.q_proj.weight,147060,396,147456,0.997314453125
l1-a1e-5-lr6e-4-seed0,l1,0,0.9,blocks.2.attn.v_proj.weight,127459,19997,147456,0.8643866644965278
l1-a1e-5-lr6e-4-seed0,l1,0,0.9,blocks.2.mlp.down_proj.weight,367515,25701,393216,0.9346389770507812
l1-a1e-5-lr6e-4-seed0,l1,0,0.9,blocks.2.mlp.gate_proj.weight,349453,43763,393216,0.8887049357096354
l1-a1e-5-lr6e-4-seed0,l1,0,0.9,blocks.2.mlp.up_proj.weight,350717,42499,393216,0.8919194539388021
l1-a1e-5-lr6e-4-seed0,l1,0,0.9,blocks.3.attn.k_proj.weight,147456,0,147456,1.0
l1-a1e-5-lr6e-4-seed0,l1,0,0.9,blocks.3.attn.o_proj.weight,146350,1106,147456,0.9924994574652778
l1-a1e-5-lr6e-4-seed0,l1,0,0.9,blocks.3.attn.q_proj.weight,147456,0,147456,1.0
l1-a1e-5-lr6e-4-seed0,l1,0,0.9,blocks.3.attn.v_proj.weight,138529,8927,147456,0.9394599066840278
l1-a1e-5-lr6e-4-seed0,l1,0,0.9,blocks.3.mlp.down_proj.weight,380822,12394,393216,0.9684804280598959
l1-a1e-5-lr6e-4-seed0,l1,0,0.9,blocks.3.mlp.gate_proj.weight,372712,20504,393216,0.9478556315104166
l1-a1e-5-lr6e-4-seed0,l1,0,0.9,blocks.3.mlp.up_proj.weight,373176,20040,393216,0.94903564453125
l1-a1e-5-lr6e-4-seed0,l1,0,0.9,blocks.4.attn.k_proj.weight,147456,0,147456,1.0
l1-a1e-5-lr6e-4-seed0,l1,0,0.9,blocks.4.attn.o_proj.weight,146800,656,147456,0.9955512152777778
l1-a1e-5-lr6e-4-seed0,l1,0,0.9,blocks.4.attn.q_proj.weight,147456,0,147456,1.0
l1-a1e-5-lr6e-4-seed0,l1,0,0.9,blocks.4.attn.v_proj.weight,139254,8202,147456,0.9443766276041666
l1-a1e-5-lr6e-4-seed0,l1,0,0.9,blocks.4.mlp.down_proj.weight,383996,9220,393216,0.9765523274739584
l1-a1e-5-lr6e-4-seed0,l1,0,0.9,blocks.4.mlp.gate_proj.weight,377167,16049,393216,0.9591852823893229
l1-a1e-5-lr6e-4-seed0,l1,0,0.9,blocks.4.mlp.up_proj.weight,376955,16261,393216,0.9586461385091146
l1-a1e-5-lr6e-4-seed0,l1,0,0.9,blocks.5.attn.k_proj.weight,147456,0,147456,1.0
l1-a1e-5-lr6e-4-seed0,l1,0,0.9,blocks.5.attn.o_proj.weight,146444,1012,147456,0.9931369357638888
l1-a1e-5-lr6e-4-seed0,l1,0,0.9,blocks.5.attn.q_proj.weight,147456,0,147456,1.0
l1-a1e-5-lr6e-4-seed0,l1,0,0.9,blocks.5.attn.v_proj.weight,126678,20778,147456,0.8590901692708334
l1-a1e-5-lr6e-4-seed0,l1,0,0.9,blocks.5.mlp.down_proj.weight,388865,4351,393216,0.9889348347981771
l1-a1e-5-lr6e-4-seed0,l1,0,0.9,blocks.5.mlp.gate_proj.weight,384300,8916,393216,0.977325439453125
l1-a1e-5-lr6e-4-seed0,l1,0,0.9,blocks.5.mlp.up_proj.weight,384001,9215,393216,0.9765650431315104
l1-a1e-5-lr6e-4-seed0,l1,0,0.95,blocks.0.attn.k_proj.weight,131014,16442,147456,0.8884955512152778
l1-a1e-5-lr6e-4-seed0,l1,0,0.95,blocks.0.attn.o_proj.weight,145640,1816,147456,0.9876844618055556
l1-a1e-5-lr6e-4-seed0,l1,0,0.95,blocks.0.attn.q_proj.weight,129076,18380,147456,0.8753526475694444
l1-a1e-5-lr6e-4-seed0,l1,0,0.95,blocks.0.attn.v_proj.weight,104335,43121,147456,0.7075670030381944
l1-a1e-5-lr6e-4-seed0,l1,0,0.95,blocks.0.mlp.down_proj.weight,378662,14554,393216,0.9629872639973959
l1-a1e-5-lr6e-4-seed0,l1,0,0.95,blocks.0.mlp.gate_proj.weight,310795,82421,393216,0.7903925577799479
l1-a1e-5-lr6e-4-seed0,l1,0,0.95,blocks.0.mlp.up_proj.weight,312284,80932,393216,0.7941792805989584
l1-a1e-5-lr6e-4-seed0,l1,0,0.95,blocks.1.attn.k_proj.weight,147456,0,147456,1.0
l1-a1e-5-lr6e-4-seed0,l1,0,0.95,blocks.1.attn.o_proj.weight,147295,161,147456,0.9989081488715278
l1-a1e-5-lr6e-4-seed0,l1,0,0.95,blocks.1.attn.q_proj.weight,147456,0,147456,1.0
l1-a1e-5-lr6e-4-seed0,l1,0,0.95,blocks.1.attn.v_proj.weight,131668,15788,147456,0.8929307725694444
l1-a1e-5-lr6e-4-seed0,l1,0,0.95,blocks.1.mlp.down_proj.weight,381068,12148,393216,0.9691060384114584
l1-a1e-5-lr6e-4-seed0,l1,0,0.95,blocks.1.mlp.gate_proj.weight,339731,53485,393216,0.8639806111653646
l1-a1e-5-lr6e-4-seed0,l1,0,0.95,blocks.1.mlp.up_proj.weight,342124,51092,393216,0.8700663248697916
l1-a1e-5-lr6e-4-seed0,l1,0,0.95,blocks.2.attn.k_proj.weight,147162,294,147456,0.9980061848958334
l1-a1e-5-lr6e-4-seed0,l1,0,0.95,blocks.2.attn.o_proj.weight,147065,391,147456,0.9973483615451388
l1-a1e-5-lr6e-4-seed0,l1,0,0.95,blocks.2.attn.q_proj.weight,147186,270,147456,0.9981689453125
l1-a1e-5-lr6e-4-seed0,l1,0,0.95,blocks.2.attn.v_proj.weight,138156,9300,147456,0.9369303385416666
l1-a1e-5-lr6e-4-seed0,l1,0,0.95,blocks.2.mlp.down_proj.weight,386772,6444,393216,0.983612060546875
l1-a1e-5-lr6e-4-seed0,l1,0,0.95,blocks.2.mlp.gate_proj.weight,368362,24854,393216,0.9367930094401041
l1-a1e-5-lr6e-4-seed0,l1,0,0.95,blocks.2.mlp.up_proj.weight,369075,24141,393216,0.9386062622070312
l1-a1e-5-lr6e-4-seed0,l1,0,0.95,blocks.3.attn.k_proj.weight,147456,0,147456,1.0
l1-a1e-5-lr6e-4-seed0,l1,0,0.95,blocks.3.attn.o_proj.weight,147336,120,147456,0.9991861979166666
l1-a1e-5-lr6e-4-seed0,l1,0,0.95,blocks.3.attn.q_proj.weight,147456,0,147456,1.0
l1-a1e-5-lr6e-4-seed0,l1,0,0.95,blocks.3.attn.v_proj.weight,143536,3920,147456,0.9734157986111112
l1-a1e-5-lr6e-4-seed0,l1,0,0.95,blocks.3.mlp.down_proj.weight,390207,3009,393216,0.9923477172851562
l1-a1e-5-lr6e-4-seed0,l1,0,0.95,blocks.3.mlp.gate_proj.weight,381756,11460,393216,0.970855712890625
l1-a1e-5-lr6e-4-seed0,l1,0,0.95,blocks.3.mlp.up_proj.weight,382033,11183,393216,0.9715601603190104
l1-a1e-5-lr6e-4-seed0,l1,0,0.95,blocks.4.attn.k_proj.weight,147456,0,147456,1.0
l1-a1e-5-lr6e-4-seed0,l1,0,0.95,blocks.4.attn.o_proj.weight,147401,55,147456,0.9996270073784722
l1-a1e-5-lr6e-4-seed0,l1,0,0.95,blocks.4.attn.q_proj.weight,147456,0,147456,1.0
l1-a1e-5-lr6e-4-seed0,l1,0,0.95,blocks.4.attn.v_proj.weight,143812,3644,147456,0.9752875434027778
l1-a1e-5-lr6e-4-seed0,l1,0,0.95,blocks.4.mlp.down_proj.weight,391110,2106,393216,0.9946441650390625
l1-a1e-5-lr6e-4-seed0,l1,0,0.95,blocks.4.mlp.gate_proj.weight,384059,9157,393216,0.9767125447591146
l1-a1e-5-lr6e-4-seed0,l1,0,0.95,blocks.4.mlp.up_proj.weight,384039,9177,393216,0.9766616821289062
l1-a1e-5-lr6e-4-seed0,l1,0,0.95,blocks.5.attn.k_proj.weight,147456,0,147456,1.0
l1-a1e-5-lr6e-4-seed0,l1,0,0.95,blocks.5.attn.o_proj.weight,147416,40,147456,0.9997287326388888
l1-a1e-5-lr6e-4-seed0,l1,0,0.95,blocks.5.attn.q_proj.weight,147456,0,147456,1.0
l1-a1e-5-lr6e-4-seed0,l1,0,0.95,blocks.5.attn.v_proj.weight,137492,9964,147456,0.9324273003472222
l1-a1e-5-lr6e-4-seed0,l1,0,0.95,blocks.5.mlp.down_proj.weight,392321,895,393216,0.9977238972981771
l1-a1e-5-lr6e-4-seed0,l1,0,0.95,blocks.5.mlp.gate_proj.weight,388274,4942,393216,0.9874318440755209
l1-a1e-5-lr6e-4-seed0,l1,0,0.95,blocks.5.mlp.up_proj.weight,388080,5136,393216,0.9869384765625
l1-a1e-6-lr6e-4-seed0,l1,0,0.0,blocks.0.attn.k_proj.weight,0,147456,147456,0.0
l1-a1e-6-lr6e-4-seed0,l1,0,0.0,blocks.0.attn.o_proj.weight,0,147456,147456,0.0
l1-a1e-6-lr6e-4-seed0,l1,0,0.0,blocks.0.attn.q_proj.weight,0,147456,147456,0.0
l1-a1e-6-lr6e-4-seed0,l1,0,0.0,blocks.0.attn.v_proj.weight,0,147456,147456,0.0
l1-a1e-6-lr6e-4-seed0,l1,0,0.0,blocks.0.mlp.down_proj.weight,0,393216,393216,0.0
l1-a1e-6-lr6e-4-seed0,l1,0,0.0,blocks.0.mlp.gate_proj.weight,0,393216,393216,0.0
l1-a1e-6-lr6e-4-seed0,l1,0,0.0,blocks.0.mlp.up_proj.weight,0,393216,393216,0.0
l1-a1e-6-lr6e-4-seed0,l1,0,0.0,blocks.1.attn.k_proj.weight,0,147456,147456,0.0
l1-a1e-6-lr6e-4-seed0,l1,0,0.0,blocks.1.attn.o_proj.weight,0,147456,147456,0.0
l1-a1e-6-lr6e-4-seed0,l1,0,0.0,blocks.1.attn.q_proj.weight,0,147456,147456,0.0
l1-a1e-6-lr6e-4-seed0,l1,0,0.0,blocks.1.attn.v_proj.weight,0,147456,147456,0.0
l1-a1e-6-lr6e-4-seed0,l1,0,0.0,blocks.1.mlp.down_proj.weight,0,393216,393216,0.0
l1-a1e-6-lr6e-4-seed0,l1,0,0.0,blocks.1.mlp.gate_proj.weight,0,393216,393216,0.0
l1-a1e-6-lr6e-4-seed0,l1,0,0.0,blocks.1.mlp.up_proj.weight,0,393216,393216,0.0
l1-a1e-6-lr6e-4-seed0,l1,0,0.0,blocks.2.attn.k_proj.weight,0,147456,147456,0.0
l1-a1e-6-lr6e-4-seed0,l1,0,0.0,blocks.2.attn.o_proj.weight,0,147456,147456,0.0
l1-a1e-6-lr6e-4-seed0,l1,0,0.0,blocks.2.attn.q_proj.weight,0,147456,147456,0.0
l1-a1e-6-lr6e-4-seed0,l1,0,0.0,blocks.2.attn.v_proj.weight,0,147456,147456,0.0
l1-a1e-6-lr6e-4-seed0,l1,0,0.0,blocks.2.mlp.down_proj.weight,0,393216,393216,0.0
l1-a1e-6-lr6e-4-seed0,l1,0,0.0,blocks.2.mlp.gate_proj.weight,0,393216,393216,0.0
l1-a1e-6-lr6e-4-seed0,l1,0,0.0,blocks.2.mlp.up_proj.weight,0,393216,393216,0.0
l1-a1e-6-lr6e-4-seed0,l1,0,0.0,blocks.3.attn.k_proj.weight,0,147456,147456,0.0
l1-a1e-6-lr6e-4-seed0,l1,0,0.0,blocks.3.attn.o_proj.weight,0,147456,147456,0.0
l1-a1e-6-lr6e-4-seed0,l1,0,0.0,blocks.3.attn.q_proj.weight,0,147456,147456,0.0
l1-a1e-6-lr6e-4-seed0,l1,0,0.0,blocks.3.attn.v_proj.weight,0,147456,147456,0.0
l1-a1e-6-lr6e-4-seed0,l1,0,0.0,blocks.3.mlp.down_proj.weight,0,393216,393216,0.0
l1-a1e-6-lr6e-4-seed0,l1,0,0.0,blocks.3.mlp.gate_proj.weight,0,393216,393216,0.0
l1-a1e-6-lr6e-4-seed0,l1,0,0.0,blocks.3.mlp.up_proj.weight,0,393216,393216,0.0
l1-a1e-6-lr6e-4-seed0,l1,0,0.0,blocks.4.attn.k_proj.weight,0,147456,147456,0.0
l1-a1e-6-lr6e-4-seed0,l1,0,0.0,blocks.4.attn.o_proj.weight,0,147456,147456,0.0
l1-a1e-6-lr6e-4-seed0,l1,0,0.0,blocks.4.attn.q_proj.weight,0,147456,147456,0.0
l1-a1e-6-lr6e-4-seed0,l1,0,0.0,blocks.4.attn.v_proj.weight,0,147456,147456,0.0
l1-a1e-6-lr6e-4-seed0,l1,0,0.0,blocks.4.mlp.down_proj.weight,0,393216,393216,0.0
l1-a1e-6-lr6e-4-seed0,l1,0,0.0,blocks.4.mlp.gate_proj.weight,0,393216,393216,0.0
l1-a1e-6-lr6e-4-seed0,l1,0,0.0,blocks.4.mlp.up_proj.weight,0,393216,393216,0.0
l1-a1e-6-lr6e-4-seed0,l1,0,0.0,blocks.5.attn.k_proj.weight,0,147456,147456,0.0
l1-a1e-6-lr6e-4-seed0,l1,0,0.0,blocks.5.attn.o_proj.weight,0,147456,147456,0.0
l1-a1e-6-lr6e-4-seed0,l1,0,0.0,blocks.5.attn.q_proj.weight,0,147456,147456,0.0
l1-a1e-6-lr6e-4-seed0,l1,0,0.0,blocks.5.attn.v_proj.weight,0,147456,147456,0.0
l1-a1e-6-lr6e-4-seed0,l1,0,0.0,blocks.5.mlp.down_proj.weight,0,393216,393216,0.0
l1-a1e-6-lr6e-4-seed0,l1,0,0.0,blocks.5.mlp.gate_proj.weight,0,393216,393216,0.0
l1-a1e-6-lr6e-4-seed0,l1,0,0.0,blocks.5.mlp.up_proj.weight,0,393216,393216,0.0
l1-a1e-6-lr6e-4-seed0,l1,0,0.3,blocks.0.attn.k_proj.weight,34198,113258,147456,0.23192003038194445
l1-a1e-6-lr6e-4-seed0,l1,0,0.3,blocks.0.attn.o_proj.weight,73034,74422,147456,0.4952935112847222
l1-a1e-6-lr6e-4-seed0,l1,0,0.3,blocks.0.attn.q_proj.weight,34847,112609,147456,0.2363213433159722
l1-a1e-6-lr6e-4-seed0,l1,0,0.3,blocks.0.attn.v_proj.weight,29135,118321,147456,0.19758436414930555
l1-a1e-6-lr6e-4-seed0,l1,0,0.3,blocks.0.mlp.down_proj.weight,140379,252837,393216,0.35700225830078125
l1-a1e-6-lr6e-4-seed0,l1,0,0.3,blocks.0.mlp.gate_proj.weight,76265,316951,393216,0.1939519246419271
l1-a1e-6-lr6e-4-seed0,l1,0,0.3,blocks.0.mlp.up_proj.weight,76865,316351,393216,0.1954778035481771
l1-a1e-6-lr6e-4-seed0,l1,0,0.3,blocks.1.attn.k_proj.weight,51330,96126,147456,0.3481038411458333
l1-a1e-6-lr6e-4-seed0,l1,0,0.3,blocks.1.attn.o_proj.weight,69416,78040,147456,0.4707573784722222
l1-a1e-6-lr6e-4-seed0,l1,0,0.3,blocks.1.attn.q_proj.weight,48907,98549,147456,0.3316718207465278
l1-a1e-6-lr6e-4-seed0,l1,0,0.3,blocks.1.attn.v_proj.weight,32611,114845,147456,0.2211574978298611
l1-a1e-6-lr6e-4-seed0,l1,0,0.3,blocks.1.mlp.down_proj.weight,147293,245923,393216,0.37458546956380206
l1-a1e-6-lr6e-4-seed0,l1,0,0.3,blocks.1.mlp.gate_proj.weight,83656,309560,393216,0.21274820963541666
l1-a1e-6-lr6e-4-seed0,l1,0,0.3,blocks.1.mlp.up_proj.weight,84831,308385,393216,0.21573638916015625
l1-a1e-6-lr6e-4-seed0,l1,0,0.3,blocks.2.attn.k_proj.weight,54974,92482,147456,0.3728162977430556
l1-a1e-6-lr6e-4-seed0,l1,0,0.3,blocks.2.attn.o_proj.weight,65442,82014,147456,0.4438069661458333
l1-a1e-6-lr6e-4-seed0,l1,0,0.3,blocks.2.attn.q_proj.weight,54461,92995,147456,0.3693372938368056
l1-a1e-6-lr6e-4-seed0,l1,0,0.3,blocks.2.attn.v_proj.weight,32199,115257,147456,0.21836344401041666
l1-a1e-6-lr6e-4-seed0,l1,0,0.3,blocks.2.mlp.down_proj.weight,151367,241849,393216,0.38494618733723956
l1-a1e-6-lr6e-4-seed0,l1,0,0.3,blocks.2.mlp.gate_proj.weight,90682,302534,393216,0.23061625162760416
l1-a1e-6-lr6e-4-seed0,l1,0,0.3,blocks.2.mlp.up_proj.weight,92084,301132,393216,0.23418172200520834
l1-a1e-6-lr6e-4-seed0,l1,0,0.3,blocks.3.attn.k_proj.weight,79417,68039,147456,0.5385810004340278
l1-a1e-6-lr6e-4-seed0,l1,0,0.3,blocks.3.attn.o_proj.weight,73086,74370,147456,0.4956461588541667
l1-a1e-6-lr6e-4-seed0,l1,0,0.3,blocks.3.attn.q_proj.weight,78985,68471,147456,0.5356513129340278
l1-a1e-6-lr6e-4-seed0,l1,0,0.3,blocks.3.attn.v_proj.weight,35277,112179,147456,0.23923746744791666
l1-a1e-6-lr6e-4-seed0,l1,0,0.3,blocks.3.mlp.down_proj.weight,156684,236532,393216,0.398468017578125
l1-a1e-6-lr6e-4-seed0,l1,0,0.3,blocks.3.mlp.gate_proj.weight,97501,295715,393216,0.2479578653971354
l1-a1e-6-lr6e-4-seed0,l1,0,0.3,blocks.3.mlp.up_proj.weight,99260,293956,393216,0.2524312337239583
l1-a1e-6-lr6e-4-seed0,l1,0,0.3,blocks.4.attn.k_proj.weight,52636,94820,147456,0.3569607204861111
l1-a1e-6-lr6e-4-seed0,l1,0,0.3,blocks.4.attn.o_proj.weight,60611,86845,147456,0.4110446506076389
l1-a1e-6-lr6e-4-seed0,l1,0,0.3,blocks.4.attn.q_proj.weight,51934,95522,147456,0.3521999782986111
l1-a1e-6-lr6e-4-seed0,l1,0,0.3,blocks.4.attn.v_proj.weight,31627,115829,147456,0.2144843207465278
l1-a1e-6-lr6e-4-seed0,l1,0,0.3,blocks.4.mlp.down_proj.weight,147432,245784,393216,0.37493896484375
l1-a1e-6-lr6e-4-seed0,l1,0,0.3,blocks.4.mlp.gate_proj.weight,94965,298251,393216,0.24150848388671875
l1-a1e-6-lr6e-4-seed0,l1,0,0.3,blocks.4.mlp.up_proj.weight,96962,296254,393216,0.24658711751302084
l1-a1e-6-lr6e-4-seed0,l1,0,0.3,blocks.5.attn.k_proj.weight,48407,99049,147456,0.3282809787326389
l1-a1e-6-lr6e-4-seed0,l1,0,0.3,blocks.5.attn.o_proj.weight,57185,90271,147456,0.3878106011284722
l1-a1e-6-lr6e-4-seed0,l1,0,0.3,blocks.5.attn.q_proj.weight,47389,100067,147456,0.3213772243923611
l1-a1e-6-lr6e-4-seed0,l1,0,0.3,blocks.5.attn.v_proj.weight,30434,117022,147456,0.2063937717013889
l1-a1e-6-lr6e-4-seed0,l1,0,0.3,blocks.5.mlp.down_proj.weight,138076,255140,393216,0.3511454264322917
l1-a1e-6-lr6e-4-seed0,l1,0,0.3,blocks.5.mlp.gate_proj.weight,90421,302795,393216,0.2299524943033854
l1-a1e-6-lr6e-4-seed0,l1,0,0.3,blocks.5.mlp.up_proj.weight,92785,300431,393216,0.2359644571940104
l1-a1e-6-lr6e-4-seed0,l1,0,0.5,blocks.0.attn.k_proj.weight,58147,89309,147456,0.3943345811631944
l1-a1e-6-lr6e-4-seed0,l1,0,0.5,blocks.0.attn.o_proj.weight,119607,27849,147456,0.8111368815104166
l1-a1e-6-lr6e-4-seed0,l1,0,0.5,blocks.0.attn.q_proj.weight,58420,89036,147456,0.3961859809027778
l1-a1e-6-lr6e-4-seed0,l1,0,0.5,blocks.0.attn.v_proj.weight,54766,92690,147456,0.3714057074652778
l1-a1e-6-lr6e-4-seed0,l1,0,0.5,blocks.0.mlp.down_proj.weight,248757,144459,393216,0.6326217651367188
l1-a1e-6-lr6e-4-seed0,l1,0,0.5,blocks.0.mlp.gate_proj.weight,139138,254078,393216,0.3538462320963542
l1-a1e-6-lr6e-4-seed0,l1,0,0.5,blocks.0.mlp.up_proj.weight,139853,253363,393216,0.35566457112630206
l1-a1e-6-lr6e-4-seed0,l1,0,0.5,blocks.1.attn.k_proj.weight,76206,71250,147456,0.5168050130208334
l1-a1e-6-lr6e-4-seed0,l1,0,0.5,blocks.1.attn.o_proj.weight,114229,33227,147456,0.7746649848090278
l1-a1e-6-lr6e-4-seed0,l1,0,0.5,blocks.1.attn.q_proj.weight,73940,73516,147456,0.5014377170138888
l1-a1e-6-lr6e-4-seed0,l1,0,0.5,blocks.1.attn.v_proj.weight,58125,89331,147456,0.3941853841145833
l1-a1e-6-lr6e-4-seed0,l1,0,0.5,blocks.1.mlp.down_proj.weight,255732,137484,393216,0.650360107421875
l1-a1e-6-lr6e-4-seed0,l1,0,0.5,blocks.1.mlp.gate_proj.weight,148086,245130,393216,0.3766021728515625
l1-a1e-6-lr6e-4-seed0,l1,0,0.5,blocks.1.mlp.up_proj.weight,149700,243516,393216,0.380706787109375
l1-a1e-6-lr6e-4-seed0,l1,0,0.5,blocks.2.attn.k_proj.weight,79049,68407,147456,0.5360853407118056
l1-a1e-6-lr6e-4-seed0,l1,0,0.5,blocks.2.attn.o_proj.weight,109184,38272,147456,0.7404513888888888
l1-a1e-6-lr6e-4-seed0,l1,0,0.5,blocks.2.attn.q_proj.weight,78214,69242,147456,0.5304226345486112
l1-a1e-6-lr6e-4-seed0,l1,0,0.5,blocks.2.attn.v_proj.weight,57501,89955,147456,0.38995361328125
l1-a1e-6-lr6e-4-seed0,l1,0,0.5,blocks.2.mlp.down_proj.weight,259237,133979,393216,0.6592737833658854
l1-a1e-6-lr6e-4-seed0,l1,0,0.5,blocks.2.mlp.gate_proj.weight,156305,236911,393216,0.39750417073567706
l1-a1e-6-lr6e-4-seed0,l1,0,0.5,blocks.2.mlp.up_proj.weight,157976,235240,393216,0.4017537434895833
l1-a1e-6-lr6e-4-seed0,l1,0,0.5,blocks.3.attn.k_proj.weight,99167,48289,147456,0.6725192599826388
l1-a1e-6-lr6e-4-seed0,l1,0,0.5,blocks.3.attn.o_proj.weight,116730,30726,147456,0.7916259765625
l1-a1e-6-lr6e-4-seed0,l1,0,0.5,blocks.3.attn.q_proj.weight,99008,48448,147456,0.6714409722222222
l1-a1e-6-lr6e-4-seed0,l1,0,0.5,blocks.3.attn.v_proj.weight,60691,86765,147456,0.4115871853298611
l1-a1e-6-lr6e-4-seed0,l1,0,0.5,blocks.3.mlp.down_proj.weight,264461,128755,393216,0.6725591023763021
l1-a1e-6-lr6e-4-seed0,l1,0,0.5,blocks.3.mlp.gate_proj.weight,164266,228950,393216,0.4177500406901042
l1-a1e-6-lr6e-4-seed0,l1,0,0.5,blocks.3.mlp.up_proj.weight,165887,227329,393216,0.42187245686848956
l1-a1e-6-lr6e-4-seed0,l1,0,0.5,blocks.4.attn.k_proj.weight,77809,69647,147456,0.5276760525173612
l1-a1e-6-lr6e-4-seed0,l1,0,0.5,blocks.4.attn.o_proj.weight,103425,44031,147456,0.7013956705729166
l1-a1e-6-lr6e-4-seed0,l1,0,0.5,blocks.4.attn.q_proj.weight,76892,70564,147456,0.5214572482638888
l1-a1e-6-lr6e-4-seed0,l1,0,0.5,blocks.4.attn.v_proj.weight,56310,91146,147456,0.3818766276041667
l1-a1e-6-lr6e-4-seed0,l1,0,0.5,blocks.4.mlp.down_proj.weight,252196,141020,393216,0.6413675944010416
l1-a1e-6-lr6e-4-seed0,l1,0,0.5,blocks.4.mlp.gate_proj.weight,161152,232064,393216,0.4098307291666667
l1-a1e-6-lr6e-4-seed0,l1,0,0.5,blocks.4.mlp.up_proj.weight,163812,229404,393216,0.416595458984375
l1-a1e-6-lr6e-4-seed0,l1,0,0.5,blocks.5.attn.k_proj.weight,73614,73842,147456,0.4992268880208333
l1-a1e-6-lr6e-4-seed0,l1,0,0.5,blocks.5.attn.o_proj.weight,98685,48771,147456,0.66925048828125
l1-a1e-6-lr6e-4-seed0,l1,0,0.5,blocks.5.attn.q_proj.weight,72391,75065,147456,0.4909328884548611
l1-a1e-6-lr6e-4-seed0,l1,0,0.5,blocks.5.attn.v_proj.weight,54636,92820,147456,0.3705240885416667
l1-a1e-6-lr6e-4-seed0,l1,0,0.5,blocks.5.mlp.down_proj.weight,239985,153231,393216,0.6103134155273438
l1-a1e-6-lr6e-4-seed0,l1,0,0.5,blocks.5.mlp.gate_proj.weight,156129,237087,393216,0.39705657958984375
l1-a1e-6-lr6e-4-seed0,l1,0,0.5,blocks.5.mlp.up_proj.weight,158998,234218,393216,0.4043528238932292
l1-a1e-6-lr6e-4-seed0,l1,0,0.7,blocks.0.attn.k_proj.weight,86418,61038,147456,0.5860595703125
l1-a1e-6-lr6e-4-seed0,l1,0,0.7,blocks.0.attn.o_proj.weight,143789,3667,147456,0.9751315646701388
l1-a1e-6-lr6e-4-seed0,l1,0,0.7,blocks.0.attn.q_proj.weight,86064,61392,147456,0.5836588541666666
l1-a1e-6-lr6e-4-seed0,l1,0,0.7,blocks.0.attn.v_proj.weight,86748,60708,147456,0.5882975260416666
l1-a1e-6-lr6e-4-seed0,l1,0,0.7,blocks.0.mlp.down_proj.weight,344004,49212,393216,0.874847412109375
l1-a1e-6-lr6e-4-seed0,l1,0,0.7,blocks.0.mlp.gate_proj.weight,217718,175498,393216,0.5536855061848959
l1-a1e-6-lr6e-4-seed0,l1,0,0.7,blocks.0.mlp.up_proj.weight,218603,174613,393216,0.5559361775716146
l1-a1e-6-lr6e-4-seed0,l1,0,0.7,blocks.1.attn.k_proj.weight,101887,45569,147456,0.6909654405381944
l1-a1e-6-lr6e-4-seed0,l1,0,0.7,blocks.1.attn.o_proj.weight,141271,6185,147456,0.9580552842881944
l1-a1e-6-lr6e-4-seed0,l1,0,0.7,blocks.1.attn.q_proj.weight,99811,47645,147456,0.6768866644965278
l1-a1e-6-lr6e-4-seed0,l1,0,0.7,blocks.1.attn.v_proj.weight,89789,57667,147456,0.6089206271701388
l1-a1e-6-lr6e-4-seed0,l1,0,0.7,blocks.1.mlp.down_proj.weight,347962,45254,393216,0.8849131266276041
l1-a1e-6-lr6e-4-seed0,l1,0,0.7,blocks.1.mlp.gate_proj.weight,225753,167463,393216,0.5741195678710938
l1-a1e-6-lr6e-4-seed0,l1,0,0.7,blocks.1.mlp.up_proj.weight,227349,165867,393216,0.5781784057617188
l1-a1e-6-lr6e-4-seed0,l1,0,0.7,blocks.2.attn.k_proj.weight,103743,43713,147456,0.70355224609375
l1-a1e-6-lr6e-4-seed0,l1,0,0.7,blocks.2.attn.o_proj.weight,138773,8683,147456,0.9411146375868056
l1-a1e-6-lr6e-4-seed0,l1,0,0.7,blocks.2.attn.q_proj.weight,102999,44457,147456,0.6985066731770834
l1-a1e-6-lr6e-4-seed0,l1,0,0.7,blocks.2.attn.v_proj.weight,88535,58921,147456,0.6004163953993056
l1-a1e-6-lr6e-4-seed0,l1,0,0.7,blocks.2.mlp.down_proj.weight,349142,44074,393216,0.8879140218098959
l1-a1e-6-lr6e-4-seed0,l1,0,0.7,blocks.2.mlp.gate_proj.weight,233140,160076,393216,0.5929056803385416
l1-a1e-6-lr6e-4-seed0,l1,0,0.7,blocks.2.mlp.up_proj.weight,234562,158654,393216,0.5965220133463541
l1-a1e-6-lr6e-4-seed0,l1,0,0.7,blocks.3.attn.k_proj.weight,117944,29512,147456,0.7998589409722222
l1-a1e-6-lr6e-4-seed0,l1,0,0.7,blocks.3.attn.o_proj.weight,141850,5606,147456,0.9619818793402778
l1-a1e-6-lr6e-4-seed0,l1,0,0.7,blocks.3.attn.q_proj.weight,118112,29344,147456,0.8009982638888888
l1-a1e-6-lr6e-4-seed0,l1,0,0.7,blocks.3.attn.v_proj.weight,91169,56287,147456,0.6182793511284722
l1-a1e-6-lr6e-4-seed0,l1,0,0.7,blocks.3.mlp.down_proj.weight,351793,41423,393216,0.8946558634440104
l1-a1e-6-lr6e-4-seed0,l1,0,0.7,blocks.3.mlp.gate_proj.weight,239929,153287,393216,0.6101710001627604
l1-a1e-6-lr6e-4-seed0,l1,0,0.7,blocks.3.mlp.up_proj.weight,241241,151975,393216,0.6135075887044271
l1-a1e-6-lr6e-4-seed0,l1,0,0.7,blocks.4.attn.k_proj.weight,103283,44173,147456,0.7004326714409722
l1-a1e-6-lr6e-4-seed0,l1,0,0.7,blocks.4.attn.o_proj.weight,135317,12139,147456,0.9176771375868056
l1-a1e-6-lr6e-4-seed0,l1,0,0.7,blocks.4.attn.q_proj.weight,102485,44971,147456,0.6950208875868056
l1-a1e-6-lr6e-4-seed0,l1,0,0.7,blocks.4.attn.v_proj.weight,86587,60869,147456,0.5872056749131944
l1-a1e-6-lr6e-4-seed0,l1,0,0.7,blocks.4.mlp.down_proj.weight,342325,50891,393216,0.8705774943033854
l1-a1e-6-lr6e-4-seed0,l1,0,0.7,blocks.4.mlp.gate_proj.weight,236468,156748,393216,0.6013692220052084
l1-a1e-6-lr6e-4-seed0,l1,0,0.7,blocks.4.mlp.up_proj.weight,239376,153840,393216,0.6087646484375
l1-a1e-6-lr6e-4-seed0,l1,0,0.7,blocks.5.attn.k_proj.weight,99962,47494,147456,0.6779106987847222
l1-a1e-6-lr6e-4-seed0,l1,0,0.7,blocks.5.attn.o_proj.weight,132393,15063,147456,0.8978474934895834
l1-a1e-6-lr6e-4-seed0,l1,0,0.7,blocks.5.attn.q_proj.weight,98639,48817,147456,0.6689385308159722
l1-a1e-6-lr6e-4-seed0,l1,0,0.7,blocks.5.attn.v_proj.weight,85231,62225,147456,0.5780097113715278
l1-a1e-6-lr6e-4-seed0,l1,0,0.7,blocks.5.mlp.down_proj.weight,333298,59918,393216,0.8476206461588541
l1-a1e-6-lr6e-4-seed0,l1,0,0.7,blocks.5.mlp.gate_proj.weight,231563,161653,393216,0.5888951619466146
l1-a1e-6-lr6e-4-seed0,l1,0,0.7,blocks.5.mlp.up_proj.weight,234757,158459,393216,0.5970179239908854
l1-a1e-6-lr6e-4-seed0,l1,0,0.8,blocks.0.attn.k_proj.weight,103447,44009,147456,0.7015448676215278
l1-a1e-6-lr6e-4-seed0,l1,0,0.8,blocks.0.attn.o_proj.weight,146982,474,147456,0.9967854817708334
l1-a1e-6-lr6e-4-seed0,l1,0,0.8,blocks.0.attn.q_proj.weight,103072,44384,147456,0.6990017361111112
l1-a1e-6-lr6e-4-seed0,l1,0,0.8,blocks.0.attn.v_proj.weight,106433,41023,147456,0.7217949761284722
l1-a1e-6-lr6e-4-seed0,l1,0,0.8,blocks.0.mlp.down_proj.weight,376139,17077,393216,0.9565709431966146
l1-a1e-6-lr6e-4-seed0,l1,0,0.8,blocks.0.mlp.gate_proj.weight,267287,125929,393216,0.6797459920247396
l1-a1e-6-lr6e-4-seed0,l1,0,0.8,blocks.0.mlp.up_proj.weight,268330,124886,393216,0.6823984781901041
l1-a1e-6-lr6e-4-seed0,l1,0,0.8,blocks.1.attn.k_proj.weight,115746,31710,147456,0.7849527994791666
l1-a1e-6-lr6e-4-seed0,l1,0,0.8,blocks.1.attn.o_proj.weight,146243,1213,147456,0.9917738172743056
l1-a1e-6-lr6e-4-seed0,l1,0,0.8,blocks.1.attn.q_proj.weight,114303,33153,147456,0.7751668294270834
l1-a1e-6-lr6e-4-seed0,l1,0,0.8,blocks.1.attn.v_proj.weight,108650,38806,147456,0.7368299696180556
l1-a1e-6-lr6e-4-seed0,l1,0,0.8,blocks.1.mlp.down_proj.weight,378071,15145,393216,0.9614842732747396
l1-a1e-6-lr6e-4-seed0,l1,0,0.8,blocks.1.mlp.gate_proj.weight,273863,119353,393216,0.6964696248372396
l1-a1e-6-lr6e-4-seed0,l1,0,0.8,blocks.1.mlp.up_proj.weight,275402,117814,393216,0.7003835042317709
l1-a1e-6-lr6e-4-seed0,l1,0,0.8,blocks.2.attn.k_proj.weight,117154,30302,147456,0.7945014105902778
l1-a1e-6-lr6e-4-seed0,l1,0,0.8,blocks.2.attn.o_proj.weight,145404,2052,147456,0.986083984375
l1-a1e-6-lr6e-4-seed0,l1,0,0.8,blocks.2.attn.q_proj.weight,116484,30972,147456,0.7899576822916666
l1-a1e-6-lr6e-4-seed0,l1,0,0.8,blocks.2.attn.v_proj.weight,107485,39971,147456,0.7289293077256944
l1-a1e-6-lr6e-4-seed0,l1,0,0.8,blocks.2.mlp.down_proj.weight,378189,15027,393216,0.9617843627929688
l1-a1e-6-lr6e-4-seed0,l1,0,0.8,blocks.2.mlp.gate_proj.weight,279594,113622,393216,0.7110443115234375
l1-a1e-6-lr6e-4-seed0,l1,0,0.8,blocks.2.mlp.up_proj.weight,280953,112263,393216,0.7145004272460938
l1-a1e-6-lr6e-4-seed0,l1,0,0.8,blocks.3.attn.k_proj.weight,127671,19785,147456,0.8658243815104166
l1-a1e-6-lr6e-4-seed0,l1,0,0.8,blocks.3.attn.o_proj.weight,146320,1136,147456,0.9922960069444444
l1-a1e-6-lr6e-4-seed0,l1,0,0.8,blocks.3.attn.q_proj.weight,127758,19698,147456,0.8664143880208334
l1-a1e-6-lr6e-4-seed0,l1,0,0.8,blocks.3.attn.v_proj.weight,109417,38039,147456,0.7420315212673612
l1-a1e-6-lr6e-4-seed0,l1,0,0.8,blocks.3.mlp.down_proj.weight,379382,13834,393216,0.9648183186848959
l1-a1e-6-lr6e-4-seed0,l1,0,0.8,blocks.3.mlp.gate_proj.weight,285242,107974,393216,0.7254079182942709
l1-a1e-6-lr6e-4-seed0,l1,0,0.8,blocks.3.mlp.up_proj.weight,286508,106708,393216,0.7286275227864584
l1-a1e-6-lr6e-4-seed0,l1,0,0.8,blocks.4.attn.k_proj.weight,116959,30497,147456,0.7931789822048612
l1-a1e-6-lr6e-4-seed0,l1,0,0.8,blocks.4.attn.o_proj.weight,143811,3645,147456,0.97528076171875
l1-a1e-6-lr6e-4-seed0,l1,0,0.8,blocks.4.attn.q_proj.weight,116292,31164,147456,0.7886555989583334
l1-a1e-6-lr6e-4-seed0,l1,0,0.8,blocks.4.attn.v_proj.weight,105230,42226,147456,0.7136366102430556
l1-a1e-6-lr6e-4-seed0,l1,0,0.8,blocks.4.mlp.down_proj.weight,374014,19202,393216,0.9511667887369791
l1-a1e-6-lr6e-4-seed0,l1,0,0.8,blocks.4.mlp.gate_proj.weight,281764,111452,393216,0.7165629069010416
l1-a1e-6-lr6e-4-seed0,l1,0,0.8,blocks.4.mlp.up_proj.weight,284003,109213,393216,0.7222569783528646
l1-a1e-6-lr6e-4-seed0,l1,0,0.8,blocks.5.attn.k_proj.weight,114460,32996,147456,0.7762315538194444
l1-a1e-6-lr6e-4-seed0,l1,0,0.8,blocks.5.attn.o_proj.weight,142630,4826,147456,0.9672715928819444
l1-a1e-6-lr6e-4-seed0,l1,0,0.8,blocks.5.attn.q_proj.weight,113481,33975,147456,0.76959228515625
l1-a1e-6-lr6e-4-seed0,l1,0,0.8,blocks.5.attn.v_proj.weight,103946,43510,147456,0.7049289279513888
l1-a1e-6-lr6e-4-seed0,l1,0,0.8,blocks.5.mlp.down_proj.weight,368575,24641,393216,0.9373346964518229
l1-a1e-6-lr6e-4-seed0,l1,0,0.8,blocks.5.mlp.gate_proj.weight,277191,116025,393216,0.7049331665039062
l1-a1e-6-lr6e-4-seed0,l1,0,0.8,blocks.5.mlp.up_proj.weight,279581,113635,393216,0.7110112508138021
l1-a1e-6-lr6e-4-seed0,l1,0,0.9,blocks.0.attn.k_proj.weight,123568,23888,147456,0.8379991319444444
l1-a1e-6-lr6e-4-seed0,l1,0,0.9,blocks.0.attn.o_proj.weight,147450,6,147456,0.9999593098958334
l1-a1e-6-lr6e-4-seed0,l1,0,0.9,blocks.0.attn.q_proj.weight,122724,24732,147456,0.832275390625
l1-a1e-6-lr6e-4-seed0,l1,0,0.9,blocks.0.attn.v_proj.weight,128201,19255,147456,0.8694186740451388
l1-a1e-6-lr6e-4-seed0,l1,0,0.9,blocks.0.mlp.down_proj.weight,391258,1958,393216,0.9950205485026041
l1-a1e-6-lr6e-4-seed0,l1,0,0.9,blocks.0.mlp.gate_proj.weight,326403,66813,393216,0.8300857543945312
l1-a1e-6-lr6e-4-seed0,l1,0,0.9,blocks.0.mlp.up_proj.weight,326623,66593,393216,0.8306452433268229
l1-a1e-6-lr6e-4-seed0,l1,0,0.9,blocks.1.attn.k_proj.weight,130763,16693,147456,0.8867933485243056
l1-a1e-6-lr6e-4-seed0,l1,0,0.9,blocks.1.attn.o_proj.weight,147413,43,147456,0.9997083875868056
l1-a1e-6-lr6e-4-seed0,l1,0,0.9,blocks.1.attn.q_proj.weight,129894,17562,147456,0.8809000651041666
l1-a1e-6-lr6e-4-seed0,l1,0,0.9,blocks.1.attn.v_proj.weight,129398,18058,147456,0.8775363498263888
l1-a1e-6-lr6e-4-seed0,l1,0,0.9,blocks.1.mlp.down_proj.weight,391558,1658,393216,0.9957834879557291
l1-a1e-6-lr6e-4-seed0,l1,0,0.9,blocks.1.mlp.gate_proj.weight,330501,62715,393216,0.8405075073242188
l1-a1e-6-lr6e-4-seed0,l1,0,0.9,blocks.1.mlp.up_proj.weight,331566,61650,393216,0.8432159423828125
l1-a1e-6-lr6e-4-seed0,l1,0,0.9,blocks.2.attn.k_proj.weight,131493,15963,147456,0.8917439778645834
l1-a1e-6-lr6e-4-seed0,l1,0,0.9,blocks.2.attn.o_proj.weight,147353,103,147456,0.9993014865451388
l1-a1e-6-lr6e-4-seed0,l1,0,0.9,blocks.2.attn.q_proj.weight,131169,16287,147456,0.8895467122395834
l1-a1e-6-lr6e-4-seed0,l1,0,0.9,blocks.2.attn.v_proj.weight,128067,19389,147456,0.8685099283854166
l1-a1e-6-lr6e-4-seed0,l1,0,0.9,blocks.2.mlp.down_proj.weight,391538,1678,393216,0.9957326253255209
l1-a1e-6-lr6e-4-seed0,l1,0,0.9,blocks.2.mlp.gate_proj.weight,333539,59677,393216,0.8482335408528646
l1-a1e-6-lr6e-4-seed0,l1,0,0.9,blocks.2.mlp.up_proj.weight,334590,58626,393216,0.8509063720703125
l1-a1e-6-lr6e-4-seed0,l1,0,0.9,blocks.3.attn.k_proj.weight,137611,9845,147456,0.9332343207465278
l1-a1e-6-lr6e-4-seed0,l1,0,0.9,blocks.3.attn.o_proj.weight,147401,55,147456,0.9996270073784722
l1-a1e-6-lr6e-4-seed0,l1,0,0.9,blocks.3.attn.q_proj.weight,137652,9804,147456,0.9335123697916666
l1-a1e-6-lr6e-4-seed0,l1,0,0.9,blocks.3.attn.v_proj.weight,129525,17931,147456,0.8783976236979166
l1-a1e-6-lr6e-4-seed0,l1,0,0.9,blocks.3.mlp.down_proj.weight,391658,1558,393216,0.9960378011067709
l1-a1e-6-lr6e-4-seed0,l1,0,0.9,blocks.3.mlp.gate_proj.weight,337225,55991,393216,0.8576075236002604
l1-a1e-6-lr6e-4-seed0,l1,0,0.9,blocks.3.mlp.up_proj.weight,338500,54716,393216,0.8608500162760416
l1-a1e-6-lr6e-4-seed0,l1,0,0.9,blocks.4.attn.k_proj.weight,131674,15782,147456,0.8929714626736112
l1-a1e-6-lr6e-4-seed0,l1,0,0.9,blocks.4.attn.o_proj.weight,147098,358,147456,0.9975721571180556
l1-a1e-6-lr6e-4-seed0,l1,0,0.9,blocks.4.attn.q_proj.weight,130995,16461,147456,0.88836669921875
l1-a1e-6-lr6e-4-seed0,l1,0,0.9,blocks.4.attn.v_proj.weight,126648,20808,147456,0.85888671875
l1-a1e-6-lr6e-4-seed0,l1,0,0.9,blocks.4.mlp.down_proj.weight,390429,2787,393216,0.9929122924804688
l1-a1e-6-lr6e-4-seed0,l1,0,0.9,blocks.4.mlp.gate_proj.weight,334315,58901,393216,0.8502070109049479
l1-a1e-6-lr6e-4-seed0,l1,0,0.9,blocks.4.mlp.up_proj.weight,335786,57430,393216,0.8539479573567709
l1-a1e-6-lr6e-4-seed0,l1,0,0.9,blocks.5.attn.k_proj.weight,130154,17302,147456,0.8826633029513888
l1-a1e-6-lr6e-4-seed0,l1,0,0.9,blocks.5.attn.o_proj.weight,146910,546,147456,0.9962972005208334
l1-a1e-6-lr6e-4-seed0,l1,0,0.9,blocks.5.attn.q_proj.weight,129551,17905,147456,0.8785739474826388
l1-a1e-6-lr6e-4-seed0,l1,0,0.9,blocks.5.attn.v_proj.weight,125597,21859,147456,0.8517591688368056
l1-a1e-6-lr6e-4-seed0,l1,0,0.9,blocks.5.mlp.down_proj.weight,388859,4357,393216,0.9889195760091146
l1-a1e-6-lr6e-4-seed0,l1,0,0.9,blocks.5.mlp.gate_proj.weight,330072,63144,393216,0.83941650390625
l1-a1e-6-lr6e-4-seed0,l1,0,0.9,blocks.5.mlp.up_proj.weight,332420,60796,393216,0.8453877766927084
l1-a1e-6-lr6e-4-seed0,l1,0,0.95,blocks.0.attn.k_proj.weight,134723,12733,147456,0.9136488172743056
l1-a1e-6-lr6e-4-seed0,l1,0,0.95,blocks.0.attn.o_proj.weight,147456,0,147456,1.0
l1-a1e-6-lr6e-4-seed0,l1,0,0.95,blocks.0.attn.q_proj.weight,134012,13444,147456,0.9088270399305556
l1-a1e-6-lr6e-4-seed0,l1,0,0.95,blocks.0.attn.v_proj.weight,139051,8405,147456,0.9429999457465278
l1-a1e-6-lr6e-4-seed0,l1,0,0.95,blocks.0.mlp.down_proj.weight,393027,189,393216,0.9995193481445312
l1-a1e-6-lr6e-4-seed0,l1,0,0.95,blocks.0.mlp.gate_proj.weight,359241,33975,393216,0.9135971069335938
l1-a1e-6-lr6e-4-seed0,l1,0,0.95,blocks.0.mlp.up_proj.weight,359284,33932,393216,0.9137064615885416
l1-a1e-6-lr6e-4-seed0,l1,0,0.95,blocks.1.attn.k_proj.weight,138631,8825,147456,0.9401516384548612
l1-a1e-6-lr6e-4-seed0,l1,0,0.95,blocks.1.attn.o_proj.weight,147454,2,147456,0.9999864366319444
l1-a1e-6-lr6e-4-seed0,l1,0,0.95,blocks.1.attn.q_proj.weight,138157,9299,147456,0.9369371202256944
l1-a1e-6-lr6e-4-seed0,l1,0,0.95,blocks.1.attn.v_proj.weight,139491,7965,147456,0.94598388671875
l1-a1e-6-lr6e-4-seed0,l1,0,0.95,blocks.1.mlp.down_proj.weight,393069,147,393216,0.9996261596679688
l1-a1e-6-lr6e-4-seed0,l1,0,0.95,blocks.1.mlp.gate_proj.weight,361798,31418,393216,0.9200998942057291
l1-a1e-6-lr6e-4-seed0,l1,0,0.95,blocks.1.mlp.up_proj.weight,362192,31024,393216,0.9211018880208334
l1-a1e-6-lr6e-4-seed0,l1,0,0.95,blocks.2.attn.k_proj.weight,139096,8360,147456,0.9433051215277778
l1-a1e-6-lr6e-4-seed0,l1,0,0.95,blocks.2.attn.o_proj.weight,147449,7,147456,0.9999525282118056
l1-a1e-6-lr6e-4-seed0,l1,0,0.95,blocks.2.attn.q_proj.weight,138822,8634,147456,0.9414469401041666
l1-a1e-6-lr6e-4-seed0,l1,0,0.95,blocks.2.attn.v_proj.weight,138588,8868,147456,0.9398600260416666
l1-a1e-6-lr6e-4-seed0,l1,0,0.95,blocks.2.mlp.down_proj.weight,393059,157,393216,0.9996007283528646
l1-a1e-6-lr6e-4-seed0,l1,0,0.95,blocks.2.mlp.gate_proj.weight,363331,29885,393216,0.9239985148111979
l1-a1e-6-lr6e-4-seed0,l1,0,0.95,blocks.2.mlp.up_proj.weight,364114,29102,393216,0.9259897867838541
l1-a1e-6-lr6e-4-seed0,l1,0,0.95,blocks.3.attn.k_proj.weight,142538,4918,147456,0.9666476779513888
l1-a1e-6-lr6e-4-seed0,l1,0,0.95,blocks.3.attn.o_proj.weight,147452,4,147456,0.9999728732638888
l1-a1e-6-lr6e-4-seed0,l1,0,0.95,blocks.3.attn.q_proj.weight,142475,4981,147456,0.9662204318576388
l1-a1e-6-lr6e-4-seed0,l1,0,0.95,blocks.3.attn.v_proj.weight,139576,7880,147456,0.9465603298611112
l1-a1e-6-lr6e-4-seed0,l1,0,0.95,blocks.3.mlp.down_proj.weight,393078,138,393216,0.9996490478515625
l1-a1e-6-lr6e-4-seed0,l1,0,0.95,blocks.3.mlp.gate_proj.weight,365199,28017,393216,0.9287490844726562
l1-a1e-6-lr6e-4-seed0,l1,0,0.95,blocks.3.mlp.up_proj.weight,366145,27071,393216,0.9311548868815104
l1-a1e-6-lr6e-4-seed0,l1,0,0.95,blocks.4.attn.k_proj.weight,139040,8416,147456,0.9429253472222222
l1-a1e-6-lr6e-4-seed0,l1,0,0.95,blocks.4.attn.o_proj.weight,147419,37,147456,0.9997490776909722
l1-a1e-6-lr6e-4-seed0,l1,0,0.95,blocks.4.attn.q_proj.weight,138875,8581,147456,0.9418063693576388
l1-a1e-6-lr6e-4-seed0,l1,0,0.95,blocks.4.attn.v_proj.weight,137491,9965,147456,0.9324205186631944
l1-a1e-6-lr6e-4-seed0,l1,0,0.95,blocks.4.mlp.down_proj.weight,392875,341,393216,0.9991327921549479
l1-a1e-6-lr6e-4-seed0,l1,0,0.95,blocks.4.mlp.gate_proj.weight,362965,30251,393216,0.9230677286783854
l1-a1e-6-lr6e-4-seed0,l1,0,0.95,blocks.4.mlp.up_proj.weight,364274,28942,393216,0.9263966878255209
l1-a1e-6-lr6e-4-seed0,l1,0,0.95,blocks.5.attn.k_proj.weight,138309,9147,147456,0.9379679361979166
l1-a1e-6-lr6e-4-seed0,l1,0,0.95,blocks.5.attn.o_proj.weight,147411,45,147456,0.99969482421875
l1-a1e-6-lr6e-4-seed0,l1,0,0.95,blocks.5.attn.q_proj.weight,137900,9556,147456,0.9351942274305556
l1-a1e-6-lr6e-4-seed0,l1,0,0.95,blocks.5.attn.v_proj.weight,136963,10493,147456,0.9288397894965278
l1-a1e-6-lr6e-4-seed0,l1,0,0.95,blocks.5.mlp.down_proj.weight,392589,627,393216,0.9984054565429688
l1-a1e-6-lr6e-4-seed0,l1,0,0.95,blocks.5.mlp.gate_proj.weight,359851,33365,393216,0.9151484171549479
l1-a1e-6-lr6e-4-seed0,l1,0,0.95,blocks.5.mlp.up_proj.weight,361520,31696,393216,0.9193929036458334
l1-a1e-7-lr6e-4-seed0,l1,0,0.0,blocks.0.attn.k_proj.weight,0,147456,147456,0.0
l1-a1e-7-lr6e-4-seed0,l1,0,0.0,blocks.0.attn.o_proj.weight,0,147456,147456,0.0
l1-a1e-7-lr6e-4-seed0,l1,0,0.0,blocks.0.attn.q_proj.weight,0,147456,147456,0.0
l1-a1e-7-lr6e-4-seed0,l1,0,0.0,blocks.0.attn.v_proj.weight,0,147456,147456,0.0
l1-a1e-7-lr6e-4-seed0,l1,0,0.0,blocks.0.mlp.down_proj.weight,0,393216,393216,0.0
l1-a1e-7-lr6e-4-seed0,l1,0,0.0,blocks.0.mlp.gate_proj.weight,0,393216,393216,0.0
l1-a1e-7-lr6e-4-seed0,l1,0,0.0,blocks.0.mlp.up_proj.weight,0,393216,393216,0.0
l1-a1e-7-lr6e-4-seed0,l1,0,0.0,blocks.1.attn.k_proj.weight,0,147456,147456,0.0
l1-a1e-7-lr6e-4-seed0,l1,0,0.0,blocks.1.attn.o_proj.weight,0,147456,147456,0.0
l1-a1e-7-lr6e-4-seed0,l1,0,0.0,blocks.1.attn.q_proj.weight,0,147456,147456,0.0
l1-a1e-7-lr6e-4-seed0,l1,0,0.0,blocks.1.attn.v_proj.weight,0,147456,147456,0.0
l1-a1e-7-lr6e-4-seed0,l1,0,0.0,blocks.1.mlp.down_proj.weight,0,393216,393216,0.0
l1-a1e-7-lr6e-4-seed0,l1,0,0.0,blocks.1.mlp.gate_proj.weight,0,393216,393216,0.0
l1-a1e-7-lr6e-4-seed0,l1,0,0.0,blocks.1.mlp.up_proj.weight,0,393216,393216,0.0
l1-a1e-7-lr6e-4-seed0,l1,0,0.0,blocks.2.attn.k_proj.weight,0,147456,147456,0.0
l1-a1e-7-lr6e-4-seed0,l1,0,0.0,blocks.2.attn.o_proj.weight,0,147456,147456,0.0
l1-a1e-7-lr6e-4-seed0,l1,0,0.0,blocks.2.attn.q_proj.weight,0,147456,147456,0.0
l1-a1e-7-lr6e-4-seed0,l1,0,0.0,blocks.2.attn.v_proj.weight,0,147456,147456,0.0
l1-a1e-7-lr6e-4-seed0,l1,0,0.0,blocks.2.mlp.down_proj.weight,0,393216,393216,0.0
l1-a1e-7-lr6e-4-seed0,l1,0,0.0,blocks.2.mlp.gate_proj.weight,0,393216,393216,0.0
l1-a1e-7-lr6e-4-seed0,l1,0,0.0,blocks.2.mlp.up_proj.weight,0,393216,393216,0.0
l1-a1e-7-lr6e-4-seed0,l1,0,0.0,blocks.3.attn.k_proj.weight,0,147456,147456,0.0
l1-a1e-7-lr6e-4-seed0,l1,0,0.0,blocks.3.attn.o_proj.weight,0,147456,147456,0.0
l1-a1e-7-lr6e-4-seed0,l1,0,0.0,blocks.3.attn.q_proj.weight,0,147456,147456,0.0
l1-a1e-7-lr6e-4-seed0,l1,0,0.0,blocks.3.attn.v_proj.weight,0,147456,147456,0.0
l1-a1e-7-lr6e-4-seed0,l1,0,0.0,blocks.3.mlp.down_proj.weight,0,393216,393216,0.0
l1-a1e-7-lr6e-4-seed0,l1,0,0.0,blocks.3.mlp.gate_proj.weight,0,393216,393216,0.0
l1-a1e-7-lr6e-4-seed0,l1,0,0.0,blocks.3.mlp.up_proj.weight,0,393216,393216,0.0
l1-a1e-7-lr6e-4-seed0,l1,0,0.0,blocks.4.attn.k_proj.weight,0,147456,147456,0.0
l1-a1e-7-lr6e-4-seed0,l1,0,0.0,blocks.4.attn.o_proj.weight,0,147456,147456,0.0
l1-a1e-7-lr6e-4-seed0,l1,0,0.0,blocks.4.attn.q_proj.weight,0,147456,147456,0.0
l1-a1e-7-lr6e-4-seed0,l1,0,0.0,blocks.4.attn.v_proj.weight,0,147456,147456,0.0
l1-a1e-7-lr6e-4-seed0,l1,0,0.0,blocks.4.mlp.down_proj.weight,0,393216,393216,0.0
l1-a1e-7-lr6e-4-seed0,l1,0,0.0,blocks.4.mlp.gate_proj.weight,0,393216,393216,0.0
l1-a1e-7-lr6e-4-seed0,l1,0,0.0,blocks.4.mlp.up_proj.weight,0,393216,393216,0.0
l1-a1e-7-lr6e-4-seed0,l1,0,0.0,blocks.5.attn.k_proj.weight,0,147456,147456,0.0
l1-a1e-7-lr6e-4-seed0,l1,0,0.0,blocks.5.attn.o_proj.weight,0,147456,147456,0.0
l1-a1e-7-lr6e-4-seed0,l1,0,0.0,blocks.5.attn.q_proj.weight,0,147456,147456,0.0
l1-a1e-7-lr6e-4-seed0,l1,0,0.0,blocks.5.attn.v_proj.weight,0,147456,147456,0.0
l1-a1e-7-lr6e-4-seed0,l1,0,0.0,blocks.5.mlp.down_proj.weight,0,393216,393216,0.0
l1-a1e-7-lr6e-4-seed0,l1,0,0.0,blocks.5.mlp.gate_proj.weight,0,393216,393216,0.0
l1-a1e-7-lr6e-4-seed0,l1,0,0.0,blocks.5.mlp.up_proj.weight,0,393216,393216,0.0
l1-a1e-7-lr6e-4-seed0,l1,0,0.3,blocks.0.attn.k_proj.weight,32063,115393,147456,0.2174411349826389
l1-a1e-7-lr6e-4-seed0,l1,0,0.3,blocks.0.attn.o_proj.weight,92301,55155,147456,0.6259562174479166
l1-a1e-7-lr6e-4-seed0,l1,0,0.3,blocks.0.attn.q_proj.weight,31427,116029,147456,0.2131279839409722
l1-a1e-7-lr6e-4-seed0,l1,0,0.3,blocks.0.attn.v_proj.weight,37368,110088,147456,0.25341796875
l1-a1e-7-lr6e-4-seed0,l1,0,0.3,blocks.0.mlp.down_proj.weight,175093,218123,393216,0.44528452555338544
l1-a1e-7-lr6e-4-seed0,l1,0,0.3,blocks.0.mlp.gate_proj.weight,87825,305391,393216,0.22335052490234375
l1-a1e-7-lr6e-4-seed0,l1,0,0.3,blocks.0.mlp.up_proj.weight,88184,305032,393216,0.22426350911458334
l1-a1e-7-lr6e-4-seed0,l1,0,0.3,blocks.1.attn.k_proj.weight,33156,114300,147456,0.224853515625
l1-a1e-7-lr6e-4-seed0,l1,0,0.3,blocks.1.attn.o_proj.weight,86304,61152,147456,0.5852864583333334
l1-a1e-7-lr6e-4-seed0,l1,0,0.3,blocks.1.attn.q_proj.weight,32770,114686,147456,0.2222357855902778
l1-a1e-7-lr6e-4-seed0,l1,0,0.3,blocks.1.attn.v_proj.weight,37369,110087,147456,0.2534247504340278
l1-a1e-7-lr6e-4-seed0,l1,0,0.3,blocks.1.mlp.down_proj.weight,179284,213932,393216,0.4559427897135417
l1-a1e-7-lr6e-4-seed0,l1,0,0.3,blocks.1.mlp.gate_proj.weight,89291,303925,393216,0.2270787556966146
l1-a1e-7-lr6e-4-seed0,l1,0,0.3,blocks.1.mlp.up_proj.weight,89886,303330,393216,0.2285919189453125
l1-a1e-7-lr6e-4-seed0,l1,0,0.3,blocks.2.attn.k_proj.weight,33577,113879,147456,0.22770860460069445
l1-a1e-7-lr6e-4-seed0,l1,0,0.3,blocks.2.attn.o_proj.weight,77885,69571,147456,0.5281914605034722
l1-a1e-7-lr6e-4-seed0,l1,0,0.3,blocks.2.attn.q_proj.weight,33127,114329,147456,0.22465684678819445
l1-a1e-7-lr6e-4-seed0,l1,0,0.3,blocks.2.attn.v_proj.weight,35952,111504,147456,0.24381510416666666
l1-a1e-7-lr6e-4-seed0,l1,0,0.3,blocks.2.mlp.down_proj.weight,178043,215173,393216,0.45278676350911456
l1-a1e-7-lr6e-4-seed0,l1,0,0.3,blocks.2.mlp.gate_proj.weight,89314,303902,393216,0.22713724772135416
l1-a1e-7-lr6e-4-seed0,l1,0,0.3,blocks.2.mlp.up_proj.weight,89883,303333,393216,0.22858428955078125
l1-a1e-7-lr6e-4-seed0,l1,0,0.3,blocks.3.attn.k_proj.weight,34304,113152,147456,0.2326388888888889
l1-a1e-7-lr6e-4-seed0,l1,0,0.3,blocks.3.attn.o_proj.weight,80608,66848,147456,0.5466579861111112
l1-a1e-7-lr6e-4-seed0,l1,0,0.3,blocks.3.attn.q_proj.weight,33967,113489,147456,0.2303534613715278
l1-a1e-7-lr6e-4-seed0,l1,0,0.3,blocks.3.attn.v_proj.weight,36397,111059,147456,0.2468329535590278
l1-a1e-7-lr6e-4-seed0,l1,0,0.3,blocks.3.mlp.down_proj.weight,178839,214377,393216,0.45481109619140625
l1-a1e-7-lr6e-4-seed0,l1,0,0.3,blocks.3.mlp.gate_proj.weight,90427,302789,393216,0.2299677530924479
l1-a1e-7-lr6e-4-seed0,l1,0,0.3,blocks.3.mlp.up_proj.weight,91239,301977,393216,0.23203277587890625
l1-a1e-7-lr6e-4-seed0,l1,0,0.3,blocks.4.attn.k_proj.weight,33199,114257,147456,0.22514512803819445
l1-a1e-7-lr6e-4-seed0,l1,0,0.3,blocks.4.attn.o_proj.weight,71494,75962,147456,0.4848497178819444
l1-a1e-7-lr6e-4-seed0,l1,0,0.3,blocks.4.attn.q_proj.weight,32107,115349,147456,0.2177395290798611
l1-a1e-7-lr6e-4-seed0,l1,0,0.3,blocks.4.attn.v_proj.weight,35550,111906,147456,0.2410888671875
l1-a1e-7-lr6e-4-seed0,l1,0,0.3,blocks.4.mlp.down_proj.weight,167766,225450,393216,0.4266510009765625
l1-a1e-7-lr6e-4-seed0,l1,0,0.3,blocks.4.mlp.gate_proj.weight,88190,305026,393216,0.22427876790364584
l1-a1e-7-lr6e-4-seed0,l1,0,0.3,blocks.4.mlp.up_proj.weight,89004,304212,393216,0.226348876953125
l1-a1e-7-lr6e-4-seed0,l1,0,0.3,blocks.5.attn.k_proj.weight,31964,115492,147456,0.2167697482638889
l1-a1e-7-lr6e-4-seed0,l1,0,0.3,blocks.5.attn.o_proj.weight,66366,81090,147456,0.4500732421875
l1-a1e-7-lr6e-4-seed0,l1,0,0.3,blocks.5.attn.q_proj.weight,30597,116859,147456,0.20749918619791666
l1-a1e-7-lr6e-4-seed0,l1,0,0.3,blocks.5.attn.v_proj.weight,34685,112771,147456,0.2352227105034722
l1-a1e-7-lr6e-4-seed0,l1,0,0.3,blocks.5.mlp.down_proj.weight,156830,236386,393216,0.3988393147786458
l1-a1e-7-lr6e-4-seed0,l1,0,0.3,blocks.5.mlp.gate_proj.weight,85067,308149,393216,0.2163365681966146
l1-a1e-7-lr6e-4-seed0,l1,0,0.3,blocks.5.mlp.up_proj.weight,86348,306868,393216,0.21959431966145834
l1-a1e-7-lr6e-4-seed0,l1,0,0.5,blocks.0.attn.k_proj.weight,56135,91321,147456,0.3806898328993056
l1-a1e-7-lr6e-4-seed0,l1,0,0.5,blocks.0.attn.o_proj.weight,131628,15828,147456,0.8926595052083334
l1-a1e-7-lr6e-4-seed0,l1,0,0.5,blocks.0.attn.q_proj.weight,54819,92637,147456,0.37176513671875
l1-a1e-7-lr6e-4-seed0,l1,0,0.5,blocks.0.attn.v_proj.weight,64958,82498,147456,0.4405246310763889
l1-a1e-7-lr6e-4-seed0,l1,0,0.5,blocks.0.mlp.down_proj.weight,281840,111376,393216,0.7167561848958334
l1-a1e-7-lr6e-4-seed0,l1,0,0.5,blocks.0.mlp.gate_proj.weight,154801,238415,393216,0.39367930094401044
l1-a1e-7-lr6e-4-seed0,l1,0,0.5,blocks.0.mlp.up_proj.weight,155061,238155,393216,0.39434051513671875
l1-a1e-7-lr6e-4-seed0,l1,0,0.5,blocks.1.attn.k_proj.weight,57062,90394,147456,0.3869764539930556
l1-a1e-7-lr6e-4-seed0,l1,0,0.5,blocks.1.attn.o_proj.weight,126752,20704,147456,0.8595920138888888
l1-a1e-7-lr6e-4-seed0,l1,0,0.5,blocks.1.attn.q_proj.weight,56801,90655,147456,0.3852064344618056
l1-a1e-7-lr6e-4-seed0,l1,0,0.5,blocks.1.attn.v_proj.weight,65184,82272,147456,0.4420572916666667
l1-a1e-7-lr6e-4-seed0,l1,0,0.5,blocks.1.mlp.down_proj.weight,286472,106744,393216,0.7285359700520834
l1-a1e-7-lr6e-4-seed0,l1,0,0.5,blocks.1.mlp.gate_proj.weight,156287,236929,393216,0.39745839436848956
l1-a1e-7-lr6e-4-seed0,l1,0,0.5,blocks.1.mlp.up_proj.weight,157372,235844,393216,0.4002176920572917
l1-a1e-7-lr6e-4-seed0,l1,0,0.5,blocks.2.attn.k_proj.weight,57815,89641,147456,0.3920830620659722
l1-a1e-7-lr6e-4-seed0,l1,0,0.5,blocks.2.attn.o_proj.weight,119083,28373,147456,0.8075832790798612
l1-a1e-7-lr6e-4-seed0,l1,0,0.5,blocks.2.attn.q_proj.weight,57063,90393,147456,0.3869832356770833
l1-a1e-7-lr6e-4-seed0,l1,0,0.5,blocks.2.attn.v_proj.weight,62956,84500,147456,0.4269476996527778
l1-a1e-7-lr6e-4-seed0,l1,0,0.5,blocks.2.mlp.down_proj.weight,285199,108017,393216,0.7252985636393229
l1-a1e-7-lr6e-4-seed0,l1,0,0.5,blocks.2.mlp.gate_proj.weight,156519,236697,393216,0.39804840087890625
l1-a1e-7-lr6e-4-seed0,l1,0,0.5,blocks.2.mlp.up_proj.weight,157332,235884,393216,0.400115966796875
l1-a1e-7-lr6e-4-seed0,l1,0,0.5,blocks.3.attn.k_proj.weight,58947,88509,147456,0.3997599283854167
l1-a1e-7-lr6e-4-seed0,l1,0,0.5,blocks.3.attn.o_proj.weight,121745,25711,147456,0.8256361219618056
l1-a1e-7-lr6e-4-seed0,l1,0,0.5,blocks.3.attn.q_proj.weight,58234,89222,147456,0.3949245876736111
l1-a1e-7-lr6e-4-seed0,l1,0,0.5,blocks.3.attn.v_proj.weight,63595,83861,147456,0.4312811957465278
l1-a1e-7-lr6e-4-seed0,l1,0,0.5,blocks.3.mlp.down_proj.weight,285631,107585,393216,0.7263971964518229
l1-a1e-7-lr6e-4-seed0,l1,0,0.5,blocks.3.mlp.gate_proj.weight,157558,235658,393216,0.4006907145182292
l1-a1e-7-lr6e-4-seed0,l1,0,0.5,blocks.3.mlp.up_proj.weight,158349,234867,393216,0.40270233154296875
l1-a1e-7-lr6e-4-seed0,l1,0,0.5,blocks.4.attn.k_proj.weight,57560,89896,147456,0.3903537326388889
l1-a1e-7-lr6e-4-seed0,l1,0,0.5,blocks.4.attn.o_proj.weight,112276,35180,147456,0.7614203559027778
l1-a1e-7-lr6e-4-seed0,l1,0,0.5,blocks.4.attn.q_proj.weight,55818,91638,147456,0.3785400390625
l1-a1e-7-lr6e-4-seed0,l1,0,0.5,blocks.4.attn.v_proj.weight,61607,85849,147456,0.4177992078993056
l1-a1e-7-lr6e-4-seed0,l1,0,0.5,blocks.4.mlp.down_proj.weight,271788,121428,393216,0.691192626953125
l1-a1e-7-lr6e-4-seed0,l1,0,0.5,blocks.4.mlp.gate_proj.weight,153856,239360,393216,0.3912760416666667
l1-a1e-7-lr6e-4-seed0,l1,0,0.5,blocks.4.mlp.up_proj.weight,155392,237824,393216,0.3951822916666667
l1-a1e-7-lr6e-4-seed0,l1,0,0.5,blocks.5.attn.k_proj.weight,55760,91696,147456,0.3781467013888889
l1-a1e-7-lr6e-4-seed0,l1,0,0.5,blocks.5.attn.o_proj.weight,106572,40884,147456,0.7227376302083334
l1-a1e-7-lr6e-4-seed0,l1,0,0.5,blocks.5.attn.q_proj.weight,53677,93779,147456,0.3640204535590278
l1-a1e-7-lr6e-4-seed0,l1,0,0.5,blocks.5.attn.v_proj.weight,60594,86862,147456,0.4109293619791667
l1-a1e-7-lr6e-4-seed0,l1,0,0.5,blocks.5.mlp.down_proj.weight,257919,135297,393216,0.6559219360351562
l1-a1e-7-lr6e-4-seed0,l1,0,0.5,blocks.5.mlp.gate_proj.weight,149098,244118,393216,0.3791758219401042
l1-a1e-7-lr6e-4-seed0,l1,0,0.5,blocks.5.mlp.up_proj.weight,151301,241915,393216,0.38477834065755206
l1-a1e-7-lr6e-4-seed0,l1,0,0.7,blocks.0.attn.k_proj.weight,85293,62163,147456,0.57843017578125
l1-a1e-7-lr6e-4-seed0,l1,0,0.7,blocks.0.attn.o_proj.weight,146097,1359,147456,0.99078369140625
l1-a1e-7-lr6e-4-seed0,l1,0,0.7,blocks.0.attn.q_proj.weight,83930,63526,147456,0.5691867404513888
l1-a1e-7-lr6e-4-seed0,l1,0,0.7,blocks.0.attn.v_proj.weight,96993,50463,147456,0.65777587890625
l1-a1e-7-lr6e-4-seed0,l1,0,0.7,blocks.0.mlp.down_proj.weight,361859,31357,393216,0.9202550252278646
l1-a1e-7-lr6e-4-seed0,l1,0,0.7,blocks.0.mlp.gate_proj.weight,235901,157315,393216,0.5999272664388021
l1-a1e-7-lr6e-4-seed0,l1,0,0.7,blocks.0.mlp.up_proj.weight,236421,156795,393216,0.6012496948242188
l1-a1e-7-lr6e-4-seed0,l1,0,0.7,blocks.1.attn.k_proj.weight,86206,61250,147456,0.5846218532986112
l1-a1e-7-lr6e-4-seed0,l1,0,0.7,blocks.1.attn.o_proj.weight,144969,2487,147456,0.9831339518229166
l1-a1e-7-lr6e-4-seed0,l1,0,0.7,blocks.1.attn.q_proj.weight,85613,61843,147456,0.5806003146701388
l1-a1e-7-lr6e-4-seed0,l1,0,0.7,blocks.1.attn.v_proj.weight,97419,50037,147456,0.6606648763020834
l1-a1e-7-lr6e-4-seed0,l1,0,0.7,blocks.1.mlp.down_proj.weight,364430,28786,393216,0.9267934163411459
l1-a1e-7-lr6e-4-seed0,l1,0,0.7,blocks.1.mlp.gate_proj.weight,237736,155480,393216,0.6045939127604166
l1-a1e-7-lr6e-4-seed0,l1,0,0.7,blocks.1.mlp.up_proj.weight,238831,154385,393216,0.6073786417643229
l1-a1e-7-lr6e-4-seed0,l1,0,0.7,blocks.2.attn.k_proj.weight,86794,60662,147456,0.5886094835069444
l1-a1e-7-lr6e-4-seed0,l1,0,0.7,blocks.2.attn.o_proj.weight,142164,5292,147456,0.964111328125
l1-a1e-7-lr6e-4-seed0,l1,0,0.7,blocks.2.attn.q_proj.weight,85907,61549,147456,0.5825941297743056
l1-a1e-7-lr6e-4-seed0,l1,0,0.7,blocks.2.attn.v_proj.weight,94681,52775,147456,0.6420966254340278
l1-a1e-7-lr6e-4-seed0,l1,0,0.7,blocks.2.mlp.down_proj.weight,363697,29519,393216,0.9249293009440104
l1-a1e-7-lr6e-4-seed0,l1,0,0.7,blocks.2.mlp.gate_proj.weight,237490,155726,393216,0.6039683024088541
l1-a1e-7-lr6e-4-seed0,l1,0,0.7,blocks.2.mlp.up_proj.weight,238536,154680,393216,0.60662841796875
l1-a1e-7-lr6e-4-seed0,l1,0,0.7,blocks.3.attn.k_proj.weight,88630,58826,147456,0.6010606553819444
l1-a1e-7-lr6e-4-seed0,l1,0,0.7,blocks.3.attn.o_proj.weight,143394,4062,147456,0.9724527994791666
l1-a1e-7-lr6e-4-seed0,l1,0,0.7,blocks.3.attn.q_proj.weight,87322,60134,147456,0.5921902126736112
l1-a1e-7-lr6e-4-seed0,l1,0,0.7,blocks.3.attn.v_proj.weight,95084,52372,147456,0.6448296440972222
l1-a1e-7-lr6e-4-seed0,l1,0,0.7,blocks.3.mlp.down_proj.weight,363568,29648,393216,0.9246012369791666
l1-a1e-7-lr6e-4-seed0,l1,0,0.7,blocks.3.mlp.gate_proj.weight,238289,154927,393216,0.6060002644856771
l1-a1e-7-lr6e-4-seed0,l1,0,0.7,blocks.3.mlp.up_proj.weight,239315,153901,393216,0.6086095174153646
l1-a1e-7-lr6e-4-seed0,l1,0,0.7,blocks.4.attn.k_proj.weight,86863,60593,147456,0.5890774197048612
l1-a1e-7-lr6e-4-seed0,l1,0,0.7,blocks.4.attn.o_proj.weight,139069,8387,147456,0.9431220160590278
l1-a1e-7-lr6e-4-seed0,l1,0,0.7,blocks.4.attn.q_proj.weight,84600,62856,147456,0.57373046875
l1-a1e-7-lr6e-4-seed0,l1,0,0.7,blocks.4.attn.v_proj.weight,92749,54707,147456,0.6289944118923612
l1-a1e-7-lr6e-4-seed0,l1,0,0.7,blocks.4.mlp.down_proj.weight,355286,37930,393216,0.9035390218098959
l1-a1e-7-lr6e-4-seed0,l1,0,0.7,blocks.4.mlp.gate_proj.weight,234088,159128,393216,0.5953165690104166
l1-a1e-7-lr6e-4-seed0,l1,0,0.7,blocks.4.mlp.up_proj.weight,235891,157325,393216,0.5999018351236979
l1-a1e-7-lr6e-4-seed0,l1,0,0.7,blocks.5.attn.k_proj.weight,84397,63059,147456,0.5723537868923612
l1-a1e-7-lr6e-4-seed0,l1,0,0.7,blocks.5.attn.o_proj.weight,136073,11383,147456,0.9228040907118056
l1-a1e-7-lr6e-4-seed0,l1,0,0.7,blocks.5.attn.q_proj.weight,81878,65578,147456,0.5552707248263888
l1-a1e-7-lr6e-4-seed0,l1,0,0.7,blocks.5.attn.v_proj.weight,91923,55533,147456,0.6233927408854166
l1-a1e-7-lr6e-4-seed0,l1,0,0.7,blocks.5.mlp.down_proj.weight,344364,48852,393216,0.875762939453125
l1-a1e-7-lr6e-4-seed0,l1,0,0.7,blocks.5.mlp.gate_proj.weight,227550,165666,393216,0.5786895751953125
l1-a1e-7-lr6e-4-seed0,l1,0,0.7,blocks.5.mlp.up_proj.weight,230482,162734,393216,0.5861460367838541
l1-a1e-7-lr6e-4-seed0,l1,0,0.8,blocks.0.attn.k_proj.weight,103386,44070,147456,0.7011311848958334
l1-a1e-7-lr6e-4-seed0,l1,0,0.8,blocks.0.attn.o_proj.weight,147340,116,147456,0.9992133246527778
l1-a1e-7-lr6e-4-seed0,l1,0,0.8,blocks.0.attn.q_proj.weight,101953,45503,147456,0.6914130316840278
l1-a1e-7-lr6e-4-seed0,l1,0,0.8,blocks.0.attn.v_proj.weight,115139,32317,147456,0.7808363172743056
l1-a1e-7-lr6e-4-seed0,l1,0,0.8,blocks.0.mlp.down_proj.weight,383964,9252,393216,0.976470947265625
l1-a1e-7-lr6e-4-seed0,l1,0,0.8,blocks.0.mlp.gate_proj.weight,284228,108988,393216,0.7228291829427084
l1-a1e-7-lr6e-4-seed0,l1,0,0.8,blocks.0.mlp.up_proj.weight,284462,108754,393216,0.7234242757161459
l1-a1e-7-lr6e-4-seed0,l1,0,0.8,blocks.1.attn.k_proj.weight,103635,43821,147456,0.70281982421875
l1-a1e-7-lr6e-4-seed0,l1,0,0.8,blocks.1.attn.o_proj.weight,147133,323,147456,0.9978095160590278
l1-a1e-7-lr6e-4-seed0,l1,0,0.8,blocks.1.attn.q_proj.weight,103067,44389,147456,0.6989678276909722
l1-a1e-7-lr6e-4-seed0,l1,0,0.8,blocks.1.attn.v_proj.weight,115378,32078,147456,0.7824571397569444
l1-a1e-7-lr6e-4-seed0,l1,0,0.8,blocks.1.mlp.down_proj.weight,384996,8220,393216,0.979095458984375
l1-a1e-7-lr6e-4-seed0,l1,0,0.8,blocks.1.mlp.gate_proj.weight,286021,107195,393216,0.7273890177408854
l1-a1e-7-lr6e-4-seed0,l1,0,0.8,blocks.1.mlp.up_proj.weight,286939,106277,393216,0.7297236124674479
l1-a1e-7-lr6e-4-seed0,l1,0,0.8,blocks.2.attn.k_proj.weight,104340,43116,147456,0.7076009114583334
l1-a1e-7-lr6e-4-seed0,l1,0,0.8,blocks.2.attn.o_proj.weight,146322,1134,147456,0.9923095703125
l1-a1e-7-lr6e-4-seed0,l1,0,0.8,blocks.2.attn.q_proj.weight,103324,44132,147456,0.7007107204861112
l1-a1e-7-lr6e-4-seed0,l1,0,0.8,blocks.2.attn.v_proj.weight,112983,34473,147456,0.7662150065104166
l1-a1e-7-lr6e-4-seed0,l1,0,0.8,blocks.2.mlp.down_proj.weight,384590,8626,393216,0.9780629475911459
l1-a1e-7-lr6e-4-seed0,l1,0,0.8,blocks.2.mlp.gate_proj.weight,285589,107627,393216,0.7262903849283854
l1-a1e-7-lr6e-4-seed0,l1,0,0.8,blocks.2.mlp.up_proj.weight,286466,106750,393216,0.7285207112630209
l1-a1e-7-lr6e-4-seed0,l1,0,0.8,blocks.3.attn.k_proj.weight,106012,41444,147456,0.7189398871527778
l1-a1e-7-lr6e-4-seed0,l1,0,0.8,blocks.3.attn.o_proj.weight,146739,717,147456,0.9951375325520834
l1-a1e-7-lr6e-4-seed0,l1,0,0.8,blocks.3.attn.q_proj.weight,104799,42657,147456,0.7107137044270834
l1-a1e-7-lr6e-4-seed0,l1,0,0.8,blocks.3.attn.v_proj.weight,113280,34176,147456,0.7682291666666666
l1-a1e-7-lr6e-4-seed0,l1,0,0.8,blocks.3.mlp.down_proj.weight,384517,8699,393216,0.9778772989908854
l1-a1e-7-lr6e-4-seed0,l1,0,0.8,blocks.3.mlp.gate_proj.weight,286547,106669,393216,0.7287267049153646
l1-a1e-7-lr6e-4-seed0,l1,0,0.8,blocks.3.mlp.up_proj.weight,287781,105435,393216,0.7318649291992188
l1-a1e-7-lr6e-4-seed0,l1,0,0.8,blocks.4.attn.k_proj.weight,104390,43066,147456,0.7079399956597222
l1-a1e-7-lr6e-4-seed0,l1,0,0.8,blocks.4.attn.o_proj.weight,145270,2186,147456,0.9851752387152778
l1-a1e-7-lr6e-4-seed0,l1,0,0.8,blocks.4.attn.q_proj.weight,102263,45193,147456,0.6935153537326388
l1-a1e-7-lr6e-4-seed0,l1,0,0.8,blocks.4.attn.v_proj.weight,111077,36379,147456,0.7532891167534722
l1-a1e-7-lr6e-4-seed0,l1,0,0.8,blocks.4.mlp.down_proj.weight,380458,12758,393216,0.9675547281901041
l1-a1e-7-lr6e-4-seed0,l1,0,0.8,blocks.4.mlp.gate_proj.weight,281927,111289,393216,0.7169774373372396
l1-a1e-7-lr6e-4-seed0,l1,0,0.8,blocks.4.mlp.up_proj.weight,283616,109600,393216,0.7212727864583334
l1-a1e-7-lr6e-4-seed0,l1,0,0.8,blocks.5.attn.k_proj.weight,101903,45553,147456,0.6910739474826388
l1-a1e-7-lr6e-4-seed0,l1,0,0.8,blocks.5.attn.o_proj.weight,144061,3395,147456,0.9769761827256944
l1-a1e-7-lr6e-4-seed0,l1,0,0.8,blocks.5.attn.q_proj.weight,99347,48109,147456,0.6737399631076388
l1-a1e-7-lr6e-4-seed0,l1,0,0.8,blocks.5.attn.v_proj.weight,109910,37546,147456,0.7453748914930556
l1-a1e-7-lr6e-4-seed0,l1,0,0.8,blocks.5.mlp.down_proj.weight,374445,18771,393216,0.9522628784179688
l1-a1e-7-lr6e-4-seed0,l1,0,0.8,blocks.5.mlp.gate_proj.weight,275299,117917,393216,0.7001215616861979
l1-a1e-7-lr6e-4-seed0,l1,0,0.8,blocks.5.mlp.up_proj.weight,278570,114646,393216,0.7084401448567709
l1-a1e-7-lr6e-4-seed0,l1,0,0.9,blocks.0.attn.k_proj.weight,123895,23561,147456,0.8402167426215278
l1-a1e-7-lr6e-4-seed0,l1,0,0.9,blocks.0.attn.o_proj.weight,147455,1,147456,0.9999932183159722
l1-a1e-7-lr6e-4-seed0,l1,0,0.9,blocks.0.attn.q_proj.weight,122621,24835,147456,0.8315768771701388
l1-a1e-7-lr6e-4-seed0,l1,0,0.9,blocks.0.attn.v_proj.weight,133444,14012,147456,0.9049750434027778
l1-a1e-7-lr6e-4-seed0,l1,0,0.9,blocks.0.mlp.down_proj.weight,392343,873,393216,0.9977798461914062
l1-a1e-7-lr6e-4-seed0,l1,0,0.9,blocks.0.mlp.gate_proj.weight,338153,55063,393216,0.8599675496419271
l1-a1e-7-lr6e-4-seed0,l1,0,0.9,blocks.0.mlp.up_proj.weight,337981,55235,393216,0.8595301310221354
l1-a1e-7-lr6e-4-seed0,l1,0,0.9,blocks.1.attn.k_proj.weight,123639,23817,147456,0.8384806315104166
l1-a1e-7-lr6e-4-seed0,l1,0,0.9,blocks.1.attn.o_proj.weight,147446,10,147456,0.9999321831597222
l1-a1e-7-lr6e-4-seed0,l1,0,0.9,blocks.1.attn.q_proj.weight,123222,24234,147456,0.8356526692708334
l1-a1e-7-lr6e-4-seed0,l1,0,0.9,blocks.1.attn.v_proj.weight,133506,13950,147456,0.9053955078125
l1-a1e-7-lr6e-4-seed0,l1,0,0.9,blocks.1.mlp.down_proj.weight,392485,731,393216,0.9981409708658854
l1-a1e-7-lr6e-4-seed0,l1,0,0.9,blocks.1.mlp.gate_proj.weight,339311,53905,393216,0.8629124959309896
l1-a1e-7-lr6e-4-seed0,l1,0,0.9,blocks.1.mlp.up_proj.weight,340113,53103,393216,0.8649520874023438
l1-a1e-7-lr6e-4-seed0,l1,0,0.9,blocks.2.attn.k_proj.weight,124257,23199,147456,0.8426717122395834
l1-a1e-7-lr6e-4-seed0,l1,0,0.9,blocks.2.attn.o_proj.weight,147406,50,147456,0.9996609157986112
l1-a1e-7-lr6e-4-seed0,l1,0,0.9,blocks.2.attn.q_proj.weight,123167,24289,147456,0.8352796766493056
l1-a1e-7-lr6e-4-seed0,l1,0,0.9,blocks.2.attn.v_proj.weight,131496,15960,147456,0.8917643229166666
l1-a1e-7-lr6e-4-seed0,l1,0,0.9,blocks.2.mlp.down_proj.weight,392405,811,393216,0.9979375203450521
l1-a1e-7-lr6e-4-seed0,l1,0,0.9,blocks.2.mlp.gate_proj.weight,338973,54243,393216,0.8620529174804688
l1-a1e-7-lr6e-4-seed0,l1,0,0.9,blocks.2.mlp.up_proj.weight,339532,53684,393216,0.8634745279947916
l1-a1e-7-lr6e-4-seed0,l1,0,0.9,blocks.3.attn.k_proj.weight,125503,21953,147456,0.8511216905381944
l1-a1e-7-lr6e-4-seed0,l1,0,0.9,blocks.3.attn.o_proj.weight,147430,26,147456,0.9998236762152778
l1-a1e-7-lr6e-4-seed0,l1,0,0.9,blocks.3.attn.q_proj.weight,124616,22840,147456,0.8451063368055556
l1-a1e-7-lr6e-4-seed0,l1,0,0.9,blocks.3.attn.v_proj.weight,131972,15484,147456,0.8949924045138888
l1-a1e-7-lr6e-4-seed0,l1,0,0.9,blocks.3.mlp.down_proj.weight,392444,772,393216,0.9980367024739584
l1-a1e-7-lr6e-4-seed0,l1,0,0.9,blocks.3.mlp.gate_proj.weight,339564,53652,393216,0.863555908203125
l1-a1e-7-lr6e-4-seed0,l1,0,0.9,blocks.3.mlp.up_proj.weight,340693,52523,393216,0.8664271036783854
l1-a1e-7-lr6e-4-seed0,l1,0,0.9,blocks.4.attn.k_proj.weight,124233,23223,147456,0.8425089518229166
l1-a1e-7-lr6e-4-seed0,l1,0,0.9,blocks.4.attn.o_proj.weight,147285,171,147456,0.99884033203125
l1-a1e-7-lr6e-4-seed0,l1,0,0.9,blocks.4.attn.q_proj.weight,122447,25009,147456,0.8303968641493056
l1-a1e-7-lr6e-4-seed0,l1,0,0.9,blocks.4.attn.v_proj.weight,130241,17215,147456,0.8832533094618056
l1-a1e-7-lr6e-4-seed0,l1,0,0.9,blocks.4.mlp.down_proj.weight,391677,1539,393216,0.9960861206054688
l1-a1e-7-lr6e-4-seed0,l1,0,0.9,blocks.4.mlp.gate_proj.weight,335679,57537,393216,0.8536758422851562
l1-a1e-7-lr6e-4-seed0,l1,0,0.9,blocks.4.mlp.up_proj.weight,337048,56168,393216,0.8571573893229166
l1-a1e-7-lr6e-4-seed0,l1,0,0.9,blocks.5.attn.k_proj.weight,122086,25370,147456,0.8279486762152778
l1-a1e-7-lr6e-4-seed0,l1,0,0.9,blocks.5.attn.o_proj.weight,147087,369,147456,0.99749755859375
l1-a1e-7-lr6e-4-seed0,l1,0,0.9,blocks.5.attn.q_proj.weight,120151,27305,147456,0.8148261176215278
l1-a1e-7-lr6e-4-seed0,l1,0,0.9,blocks.5.attn.v_proj.weight,129492,17964,147456,0.878173828125
l1-a1e-7-lr6e-4-seed0,l1,0,0.9,blocks.5.mlp.down_proj.weight,390210,3006,393216,0.9923553466796875
l1-a1e-7-lr6e-4-seed0,l1,0,0.9,blocks.5.mlp.gate_proj.weight,329954,63262,393216,0.8391164143880209
l1-a1e-7-lr6e-4-seed0,l1,0,0.9,blocks.5.mlp.up_proj.weight,332487,60729,393216,0.8455581665039062
l1-a1e-7-lr6e-4-seed0,l1,0,0.95,blocks.0.attn.k_proj.weight,135024,12432,147456,0.9156901041666666
l1-a1e-7-lr6e-4-seed0,l1,0,0.95,blocks.0.attn.o_proj.weight,147456,0,147456,1.0
l1-a1e-7-lr6e-4-seed0,l1,0,0.95,blocks.0.attn.q_proj.weight,134024,13432,147456,0.9089084201388888
l1-a1e-7-lr6e-4-seed0,l1,0,0.95,blocks.0.attn.v_proj.weight,141641,5815,147456,0.9605645073784722
l1-a1e-7-lr6e-4-seed0,l1,0,0.95,blocks.0.mlp.down_proj.weight,393156,60,393216,0.999847412109375
l1-a1e-7-lr6e-4-seed0,l1,0,0.95,blocks.0.mlp.gate_proj.weight,366216,27000,393216,0.93133544921875
l1-a1e-7-lr6e-4-seed0,l1,0,0.95,blocks.0.mlp.up_proj.weight,366090,27126,393216,0.9310150146484375
l1-a1e-7-lr6e-4-seed0,l1,0,0.95,blocks.1.attn.k_proj.weight,134687,12769,147456,0.9134046766493056
l1-a1e-7-lr6e-4-seed0,l1,0,0.95,blocks.1.attn.o_proj.weight,147455,1,147456,0.9999932183159722
l1-a1e-7-lr6e-4-seed0,l1,0,0.95,blocks.1.attn.q_proj.weight,134345,13111,147456,0.9110853407118056
l1-a1e-7-lr6e-4-seed0,l1,0,0.95,blocks.1.attn.v_proj.weight,141629,5827,147456,0.9604831271701388
l1-a1e-7-lr6e-4-seed0,l1,0,0.95,blocks.1.mlp.down_proj.weight,393170,46,393216,0.9998830159505209
l1-a1e-7-lr6e-4-seed0,l1,0,0.95,blocks.1.mlp.gate_proj.weight,367181,26035,393216,0.9337895711263021
l1-a1e-7-lr6e-4-seed0,l1,0,0.95,blocks.1.mlp.up_proj.weight,367315,25901,393216,0.9341303507486979
l1-a1e-7-lr6e-4-seed0,l1,0,0.95,blocks.2.attn.k_proj.weight,135087,12369,147456,0.9161173502604166
l1-a1e-7-lr6e-4-seed0,l1,0,0.95,blocks.2.attn.o_proj.weight,147452,4,147456,0.9999728732638888
l1-a1e-7-lr6e-4-seed0,l1,0,0.95,blocks.2.attn.q_proj.weight,134174,13282,147456,0.9099256727430556
l1-a1e-7-lr6e-4-seed0,l1,0,0.95,blocks.2.attn.v_proj.weight,140542,6914,147456,0.9531114366319444
l1-a1e-7-lr6e-4-seed0,l1,0,0.95,blocks.2.mlp.down_proj.weight,393158,58,393216,0.9998524983723959
l1-a1e-7-lr6e-4-seed0,l1,0,0.95,blocks.2.mlp.gate_proj.weight,366607,26609,393216,0.9323298136393229
l1-a1e-7-lr6e-4-seed0,l1,0,0.95,blocks.2.mlp.up_proj.weight,367042,26174,393216,0.9334360758463541
l1-a1e-7-lr6e-4-seed0,l1,0,0.95,blocks.3.attn.k_proj.weight,136023,11433,147456,0.9224650065104166
l1-a1e-7-lr6e-4-seed0,l1,0,0.95,blocks.3.attn.o_proj.weight,147456,0,147456,1.0
l1-a1e-7-lr6e-4-seed0,l1,0,0.95,blocks.3.attn.q_proj.weight,135323,12133,147456,0.9177178276909722
l1-a1e-7-lr6e-4-seed0,l1,0,0.95,blocks.3.attn.v_proj.weight,140649,6807,147456,0.9538370768229166
l1-a1e-7-lr6e-4-seed0,l1,0,0.95,blocks.3.mlp.down_proj.weight,393160,56,393216,0.9998575846354166
l1-a1e-7-lr6e-4-seed0,l1,0,0.95,blocks.3.mlp.gate_proj.weight,366947,26269,393216,0.9331944783528646
l1-a1e-7-lr6e-4-seed0,l1,0,0.95,blocks.3.mlp.up_proj.weight,367677,25539,393216,0.9350509643554688
l1-a1e-7-lr6e-4-seed0,l1,0,0.95,blocks.4.attn.k_proj.weight,134963,12493,147456,0.9152764214409722
l1-a1e-7-lr6e-4-seed0,l1,0,0.95,blocks.4.attn.o_proj.weight,147444,12,147456,0.9999186197916666
l1-a1e-7-lr6e-4-seed0,l1,0,0.95,blocks.4.attn.q_proj.weight,133970,13486,147456,0.9085422092013888
l1-a1e-7-lr6e-4-seed0,l1,0,0.95,blocks.4.attn.v_proj.weight,139628,7828,147456,0.9469129774305556
l1-a1e-7-lr6e-4-seed0,l1,0,0.95,blocks.4.mlp.down_proj.weight,393058,158,393216,0.9995981852213541
l1-a1e-7-lr6e-4-seed0,l1,0,0.95,blocks.4.mlp.gate_proj.weight,364325,28891,393216,0.9265263875325521
l1-a1e-7-lr6e-4-seed0,l1,0,0.95,blocks.4.mlp.up_proj.weight,365160,28056,393216,0.92864990234375
l1-a1e-7-lr6e-4-seed0,l1,0,0.95,blocks.5.attn.k_proj.weight,133486,13970,147456,0.9052598741319444
l1-a1e-7-lr6e-4-seed0,l1,0,0.95,blocks.5.attn.o_proj.weight,147418,38,147456,0.9997422960069444
l1-a1e-7-lr6e-4-seed0,l1,0,0.95,blocks.5.attn.q_proj.weight,132187,15269,147456,0.8964504665798612
l1-a1e-7-lr6e-4-seed0,l1,0,0.95,blocks.5.attn.v_proj.weight,139090,8366,147456,0.9432644314236112
l1-a1e-7-lr6e-4-seed0,l1,0,0.95,blocks.5.mlp.down_proj.weight,392809,407,393216,0.9989649454752604
l1-a1e-7-lr6e-4-seed0,l1,0,0.95,blocks.5.mlp.gate_proj.weight,359938,33278,393216,0.9153696695963541
l1-a1e-7-lr6e-4-seed0,l1,0,0.95,blocks.5.mlp.up_proj.weight,361828,31388,393216,0.9201761881510416
rewa-k9-m2-wd0.1-lr6e-4-seed0,rewa,0,0.0,blocks.0.attn.k_proj.weight,0,147456,147456,0.0
rewa-k9-m2-wd0.1-lr6e-4-seed0,rewa,0,0.0,blocks.0.attn.o_proj.weight,0,147456,147456,0.0
rewa-k9-m2-wd0.1-lr6e-4-seed0,rewa,0,0.0,blocks.0.attn.q_proj.weight,0,147456,147456,0.0
rewa-k9-m2-wd0.1-lr6e-4-seed0,rewa,0,0.0,blocks.0.attn.v_proj.weight,0,147456,147456,0.0
rewa-k9-m2-wd0.1-lr6e-4-seed0,rewa,0,0.0,blocks.0.mlp.down_proj.weight,0,393216,393216,0.0
rewa-k9-m2-wd0.1-lr6e-4-seed0,rewa,0,0.0,blocks.0.mlp.gate_proj.weight,0,393216,393216,0.0
rewa-k9-m2-wd0.1-lr6e-4-seed0,rewa,0,0.0,blocks.0.mlp.up_proj.weight,0,393216,393216,0.0
rewa-k9-m2-wd0.1-lr6e-4-seed0,rewa,0,0.0,blocks.1.attn.k_proj.weight,0,147456,147456,0.0
rewa-k9-m2-wd0.1-lr6e-4-seed0,rewa,0,0.0,blocks.1.attn.o_proj.weight,0,147456,147456,0.0
rewa-k9-m2-wd0.1-lr6e-4-seed0,rewa,0,0.0,blocks.1.attn.q_proj.weight,0,147456,147456,0.0
rewa-k9-m2-wd0.1-lr6e-4-seed0,rewa,0,0.0,blocks.1.attn.v_proj.weight,0,147456,147456,0.0
rewa-k9-m2-wd0.1-lr6e-4-seed0,rewa,0,0.0,blocks.1.mlp.down_proj.weight,0,393216,393216,0.0
rewa-k9-m2-wd0.1-lr6e-4-seed0,rewa,0,0.0,blocks.1.mlp.gate_proj.weight,0,393216,393216,0.0
rewa-k9-m2-wd0.1-lr6e-4-seed0,rewa,0,0.0,blocks.1.mlp.up_proj.weight,0,393216,393216,0.0
rewa-k9-m2-wd0.1-lr6e-4-seed0,rewa,0,0.0,blocks.2.attn.k_proj.weight,0,147456,147456,0.0
rewa-k9-m2-wd0.1-lr6e-4-seed0,rewa,0,0.0,blocks.2.attn.o_proj.weight,0,147456,147456,0.0
rewa-k9-m2-wd0.1-lr6e-4-seed0,rewa,0,0.0,blocks.2.attn.q_proj.weight,0,147456,147456,0.0
rewa-k9-m2-wd0.1-lr6e-4-seed0,rewa,0,0.0,blocks.2.attn.v_proj.weight,0,147456,147456,0.0
rewa-k9-m2-wd0.1-lr6e-4-seed0,rewa,0,0.0,blocks.2.mlp.down_proj.weight,0,393216,393216,0.0
rewa-k9-m2-wd0.1-lr6e-4-seed0,rewa,0,0.0,blocks.2.mlp.gate_proj.weight,0,393216,393216,0.0
rewa-k9-m2-wd0.1-lr6e-4-seed0,rewa,0,0.0,blocks.2.mlp.up_proj.weight,0,393216,393216,0.0
rewa-k9-m2-wd0.1-lr6e-4-seed0,rewa,0,0.0,blocks.3.attn.k_proj.weight,0,147456,147456,0.0
rewa-k9-m2-wd0.1-lr6e-4-seed0,rewa,0,0.0,blocks.3.attn.o_proj.weight,0,147456,147456,0.0
rewa-k9-m2-wd0.1-lr6e-4-seed0,rewa,0,0.0,blocks.3.attn.q_proj.weight,0,147456,147456,0.0
rewa-k9-m2-wd0.1-lr6e-4-seed0,rewa,0,0.0,blocks.3.attn.v_proj.weight,0,147456,147456,0.0
rewa-k9-m2-wd0.1-lr6e-4-seed0,rewa,0,0.0,blocks.3.mlp.down_proj.weight,0,393216,393216,0.0
rewa-k9-m2-wd0.1-lr6e-4-seed0,rewa,0,0.0,blocks.3.mlp.gate_proj.weight,0,393216,393216,0.0
rewa-k9-m2-wd0.1-lr6e-4-seed0,rewa,0,0.0,blocks.3.mlp.up_proj.weight,0,393216,393216,0.0
rewa-k9-m2-wd0.1-lr6e-4-seed0,rewa,0,0.0,blocks.4.attn.k_proj.weight,0,147456,147456,0.0
rewa-k9-m2-wd0.1-lr6e-4-seed0,rewa,0,0.0,blocks.4.attn.o_proj.weight,0,147456,147456,0.0
rewa-k9-m2-wd0.1-lr6e-4-seed0,rewa,0,0.0,blocks.4.attn.q_proj.weight,0,147456,147456,0.0
rewa-k9-m2-wd0.1-lr6e-4-seed0,rewa,0,0.0,blocks.4.attn.v_proj.weight,0,147456,147456,0.0
rewa-k9-m2-wd0.1-lr6e-4-seed0,rewa,0,0.0,blocks.4.mlp.down_proj.weight,0,393216,393216,0.0
rewa-k9-m2-wd0.1-lr6e-4-seed0,rewa,0,0.0,blocks.4.mlp.gate_proj.weight,0,393216,393216,0.0
rewa-k9-m2-wd0.1-lr6e-4-seed0,rewa,0,0.0,blocks.4.mlp.up_proj.weight,0,393216,393216,0.0
rewa-k9-m2-wd0.1-lr6e-4-seed0,rewa,0,0.0,blocks.5.attn.k_proj.weight,0,147456,147456,0.0
rewa-k9-m2-wd0.1-lr6e-4-seed0,rewa,0,0.0,blocks.5.attn.o_proj.weight,0,147456,147456,0.0
rewa-k9-m2-wd0.1-lr6e-4-seed0,rewa,0,0.0,blocks.5.attn.q_proj.weight,0,147456,147456,0.0
rewa-k9-m2-wd0.1-lr6e-4-seed0,rewa,0,0.0,blocks.5.attn.v_proj.weight,0,147456,147456,0.0
rewa-k9-m2-wd0.1-lr6e-4-seed0,rewa,0,0.0,blocks.5.mlp.down_proj.weight,0,393216,393216,0.0
rewa-k9-m2-wd0.1-lr6e-4-seed0,rewa,0,0.0,blocks.5.mlp.gate_proj.weight,0,393216,393216,0.0
rewa-k9-m2-wd0.1-lr6e-4-seed0,rewa,0,0.0,blocks.5.mlp.up_proj.weight,0,393216,393216,0.0
rewa-k9-m2-wd0.1-lr6e-4-seed0,rewa,0,0.3,blocks.0.attn.k_proj.weight,27668,119788,147456,0.18763563368055555
rewa-k9-m2-wd0.1-lr6e-4-seed0,rewa,0,0.3,blocks.0.attn.o_proj.weight,84710,62746,147456,0.5744764539930556
rewa-k9-m2-wd0.1-lr6e-4-seed0,rewa,0,0.3,blocks.0.attn.q_proj.weight,27838,119618,147456,0.1887885199652778
rewa-k9-m2-wd0.1-lr6e-4-seed0,rewa,0,0.3,blocks.0.attn.v_proj.weight,26334,121122,147456,0.1785888671875
rewa-k9-m2-wd0.1-lr6e-4-seed0,rewa,0,0.3,blocks.0.mlp.down_proj.weight,219471,173745,393216,0.5581436157226562
rewa-k9-m2-wd0.1-lr6e-4-seed0,rewa,0,0.3,blocks.0.mlp.gate_proj.weight,70927,322289,393216,0.1803766886393229
rewa-k9-m2-wd0.1-lr6e-4-seed0,rewa,0,0.3,blocks.0.mlp.up_proj.weight,71090,322126,393216,0.18079121907552084
rewa-k9-m2-wd0.1-lr6e-4-seed0,rewa,0,0.3,blocks.1.attn.k_proj.weight,28364,119092,147456,0.1923556857638889
rewa-k9-m2-wd0.1-lr6e-4-seed0,rewa,0,0.3,blocks.1.attn.o_proj.weight,84341,63115,147456,0.5719740125868056
rewa-k9-m2-wd0.1-lr6e-4-seed0,rewa,0,0.3,blocks.1.attn.q_proj.weight,28701,118755,147456,0.19464111328125
rewa-k9-m2-wd0.1-lr6e-4-seed0,rewa,0,0.3,blocks.1.attn.v_proj.weight,26385,121071,147456,0.17893473307291666
rewa-k9-m2-wd0.1-lr6e-4-seed0,rewa,0,0.3,blocks.1.mlp.down_proj.weight,219901,173315,393216,0.5592371622721354
rewa-k9-m2-wd0.1-lr6e-4-seed0,rewa,0,0.3,blocks.1.mlp.gate_proj.weight,70696,322520,393216,0.17978922526041666
rewa-k9-m2-wd0.1-lr6e-4-seed0,rewa,0,0.3,blocks.1.mlp.up_proj.weight,70794,322422,393216,0.1800384521484375
rewa-k9-m2-wd0.1-lr6e-4-seed0,rewa,0,0.3,blocks.2.attn.k_proj.weight,28568,118888,147456,0.19373914930555555
rewa-k9-m2-wd0.1-lr6e-4-seed0,rewa,0,0.3,blocks.2.attn.o_proj.weight,83424,64032,147456,0.5657552083333334
rewa-k9-m2-wd0.1-lr6e-4-seed0,rewa,0,0.3,blocks.2.attn.q_proj.weight,29332,118124,147456,0.1989203559027778
rewa-k9-m2-wd0.1-lr6e-4-seed0,rewa,0,0.3,blocks.2.attn.v_proj.weight,26492,120964,147456,0.1796603732638889
rewa-k9-m2-wd0.1-lr6e-4-seed0,rewa,0,0.3,blocks.2.mlp.down_proj.weight,220301,172915,393216,0.5602544148763021
rewa-k9-m2-wd0.1-lr6e-4-seed0,rewa,0,0.3,blocks.2.mlp.gate_proj.weight,70738,322478,393216,0.17989603678385416
rewa-k9-m2-wd0.1-lr6e-4-seed0,rewa,0,0.3,blocks.2.mlp.up_proj.weight,70869,322347,393216,0.18022918701171875
rewa-k9-m2-wd0.1-lr6e-4-seed0,rewa,0,0.3,blocks.3.attn.k_proj.weight,28589,118867,147456,0.1938815646701389
rewa-k9-m2-wd0.1-lr6e-4-seed0,rewa,0,0.3,blocks.3.attn.o_proj.weight,83344,64112,147456,0.5652126736111112
rewa-k9-m2-wd0.1-lr6e-4-seed0,rewa,0,0.3,blocks.3.attn.q_proj.weight,29590,117866,147456,0.20067003038194445
rewa-k9-m2-wd0.1-lr6e-4-seed0,rewa,0,0.3,blocks.3.attn.v_proj.weight,26723,120733,147456,0.18122694227430555
rewa-k9-m2-wd0.1-lr6e-4-seed0,rewa,0,0.3,blocks.3.mlp.down_proj.weight,219839,173377,393216,0.5590794881184896
rewa-k9-m2-wd0.1-lr6e-4-seed0,rewa,0,0.3,blocks.3.mlp.gate_proj.weight,71309,321907,393216,0.1813481648763021
rewa-k9-m2-wd0.1-lr6e-4-seed0,rewa,0,0.3,blocks.3.mlp.up_proj.weight,71130,322086,393216,0.1808929443359375
rewa-k9-m2-wd0.1-lr6e-4-seed0,rewa,0,0.3,blocks.4.attn.k_proj.weight,28298,119158,147456,0.19190809461805555
rewa-k9-m2-wd0.1-lr6e-4-seed0,rewa,0,0.3,blocks.4.attn.o_proj.weight,83373,64083,147456,0.5654093424479166
rewa-k9-m2-wd0.1-lr6e-4-seed0,rewa,0,0.3,blocks.4.attn.q_proj.weight,29796,117660,147456,0.20206705729166666
rewa-k9-m2-wd0.1-lr6e-4-seed0,rewa,0,0.3,blocks.4.attn.v_proj.weight,26674,120782,147456,0.18089463975694445
rewa-k9-m2-wd0.1-lr6e-4-seed0,rewa,0,0.3,blocks.4.mlp.down_proj.weight,220199,173017,393216,0.5599950154622396
rewa-k9-m2-wd0.1-lr6e-4-seed0,rewa,0,0.3,blocks.4.mlp.gate_proj.weight,71795,321421,393216,0.1825841267903646
rewa-k9-m2-wd0.1-lr6e-4-seed0,rewa,0,0.3,blocks.4.mlp.up_proj.weight,71517,321699,393216,0.18187713623046875
rewa-k9-m2-wd0.1-lr6e-4-seed0,rewa,0,0.3,blocks.5.attn.k_proj.weight,29102,118354,147456,0.1973605685763889
rewa-k9-m2-wd0.1-lr6e-4-seed0,rewa,0,0.3,blocks.5.attn.o_proj.weight,83581,63875,147456,0.5668199327256944
rewa-k9-m2-wd0.1-lr6e-4-seed0,rewa,0,0.3,blocks.5.attn.q_proj.weight,30594,116862,147456,0.20747884114583334
rewa-k9-m2-wd0.1-lr6e-4-seed0,rewa,0,0.3,blocks.5.attn.v_proj.weight,26185,121271,147456,0.1775783962673611
rewa-k9-m2-wd0.1-lr6e-4-seed0,rewa,0,0.3,blocks.5.mlp.down_proj.weight,220300,172916,393216,0.5602518717447916
rewa-k9-m2-wd0.1-lr6e-4-seed0,rewa,0,0.3,blocks.5.mlp.gate_proj.weight,73038,320178,393216,0.1857452392578125
rewa-k9-m2-wd0.1-lr6e-4-seed0,rewa,0,0.3,blocks.5.mlp.up_proj.weight,73130,320086,393216,0.18597920735677084
rewa-k9-m2-wd0.1-lr6e-4-seed0,rewa,0,0.5,blocks.0.attn.k_proj.weight,51631,95825,147456,0.3501451280381944
rewa-k9-m2-wd0.1-lr6e-4-seed0,rewa,0,0.5,blocks.0.attn.o_proj.weight,129724,17732,147456,0.8797471788194444
rewa-k9-m2-wd0.1-lr6e-4-seed0,rewa,0,0.5,blocks.0.attn.q_proj.weight,51636,95820,147456,0.3501790364583333
rewa-k9-m2-wd0.1-lr6e-4-seed0,rewa,0,0.5,blocks.0.attn.v_proj.weight,50205,97251,147456,0.3404744466145833
rewa-k9-m2-wd0.1-lr6e-4-seed0,rewa,0,0.5,blocks.0.mlp.down_proj.weight,332808,60408,393216,0.84637451171875
rewa-k9-m2-wd0.1-lr6e-4-seed0,rewa,0,0.5,blocks.0.mlp.gate_proj.weight,133995,259221,393216,0.34076690673828125
rewa-k9-m2-wd0.1-lr6e-4-seed0,rewa,0,0.5,blocks.0.mlp.up_proj.weight,133624,259592,393216,0.3398234049479167
rewa-k9-m2-wd0.1-lr6e-4-seed0,rewa,0,0.5,blocks.1.attn.k_proj.weight,52420,95036,147456,0.3554958767361111
rewa-k9-m2-wd0.1-lr6e-4-seed0,rewa,0,0.5,blocks.1.attn.o_proj.weight,129168,18288,147456,0.8759765625
rewa-k9-m2-wd0.1-lr6e-4-seed0,rewa,0,0.5,blocks.1.attn.q_proj.weight,52545,94911,147456,0.3563435872395833
rewa-k9-m2-wd0.1-lr6e-4-seed0,rewa,0,0.5,blocks.1.attn.v_proj.weight,50263,97193,147456,0.3408677842881944
rewa-k9-m2-wd0.1-lr6e-4-seed0,rewa,0,0.5,blocks.1.mlp.down_proj.weight,333872,59344,393216,0.8490804036458334
rewa-k9-m2-wd0.1-lr6e-4-seed0,rewa,0,0.5,blocks.1.mlp.gate_proj.weight,133687,259529,393216,0.33998362223307294
rewa-k9-m2-wd0.1-lr6e-4-seed0,rewa,0,0.5,blocks.1.mlp.up_proj.weight,134275,258941,393216,0.34147898356119794
rewa-k9-m2-wd0.1-lr6e-4-seed0,rewa,0,0.5,blocks.2.attn.k_proj.weight,52352,95104,147456,0.3550347222222222
rewa-k9-m2-wd0.1-lr6e-4-seed0,rewa,0,0.5,blocks.2.attn.o_proj.weight,127872,19584,147456,0.8671875
rewa-k9-m2-wd0.1-lr6e-4-seed0,rewa,0,0.5,blocks.2.attn.q_proj.weight,53383,94073,147456,0.3620266384548611
rewa-k9-m2-wd0.1-lr6e-4-seed0,rewa,0,0.5,blocks.2.attn.v_proj.weight,50163,97293,147456,0.3401896158854167
rewa-k9-m2-wd0.1-lr6e-4-seed0,rewa,0,0.5,blocks.2.mlp.down_proj.weight,334287,58929,393216,0.8501358032226562
rewa-k9-m2-wd0.1-lr6e-4-seed0,rewa,0,0.5,blocks.2.mlp.gate_proj.weight,133555,259661,393216,0.33964792887369794
rewa-k9-m2-wd0.1-lr6e-4-seed0,rewa,0,0.5,blocks.2.mlp.up_proj.weight,133942,259274,393216,0.3406321207682292
rewa-k9-m2-wd0.1-lr6e-4-seed0,rewa,0,0.5,blocks.3.attn.k_proj.weight,52413,95043,147456,0.3554484049479167
rewa-k9-m2-wd0.1-lr6e-4-seed0,rewa,0,0.5,blocks.3.attn.o_proj.weight,127539,19917,147456,0.86492919921875
rewa-k9-m2-wd0.1-lr6e-4-seed0,rewa,0,0.5,blocks.3.attn.q_proj.weight,53625,93831,147456,0.3636678059895833
rewa-k9-m2-wd0.1-lr6e-4-seed0,rewa,0,0.5,blocks.3.attn.v_proj.weight,50566,96890,147456,0.3429226345486111
rewa-k9-m2-wd0.1-lr6e-4-seed0,rewa,0,0.5,blocks.3.mlp.down_proj.weight,333132,60084,393216,0.847198486328125
rewa-k9-m2-wd0.1-lr6e-4-seed0,rewa,0,0.5,blocks.3.mlp.gate_proj.weight,134583,258633,393216,0.34226226806640625
rewa-k9-m2-wd0.1-lr6e-4-seed0,rewa,0,0.5,blocks.3.mlp.up_proj.weight,134006,259210,393216,0.3407948811848958
rewa-k9-m2-wd0.1-lr6e-4-seed0,rewa,0,0.5,blocks.4.attn.k_proj.weight,52336,95120,147456,0.3549262152777778
rewa-k9-m2-wd0.1-lr6e-4-seed0,rewa,0,0.5,blocks.4.attn.o_proj.weight,127022,20434,147456,0.8614230685763888
rewa-k9-m2-wd0.1-lr6e-4-seed0,rewa,0,0.5,blocks.4.attn.q_proj.weight,53422,94034,147456,0.3622911241319444
rewa-k9-m2-wd0.1-lr6e-4-seed0,rewa,0,0.5,blocks.4.attn.v_proj.weight,50392,97064,147456,0.3417426215277778
rewa-k9-m2-wd0.1-lr6e-4-seed0,rewa,0,0.5,blocks.4.mlp.down_proj.weight,331170,62046,393216,0.8422088623046875
rewa-k9-m2-wd0.1-lr6e-4-seed0,rewa,0,0.5,blocks.4.mlp.gate_proj.weight,134867,258349,393216,0.34298451741536456
rewa-k9-m2-wd0.1-lr6e-4-seed0,rewa,0,0.5,blocks.4.mlp.up_proj.weight,134366,258850,393216,0.3417104085286458
rewa-k9-m2-wd0.1-lr6e-4-seed0,rewa,0,0.5,blocks.5.attn.k_proj.weight,52994,94462,147456,0.3593885633680556
rewa-k9-m2-wd0.1-lr6e-4-seed0,rewa,0,0.5,blocks.5.attn.o_proj.weight,126376,21080,147456,0.8570421006944444
rewa-k9-m2-wd0.1-lr6e-4-seed0,rewa,0,0.5,blocks.5.attn.q_proj.weight,54299,93157,147456,0.3682386610243056
rewa-k9-m2-wd0.1-lr6e-4-seed0,rewa,0,0.5,blocks.5.attn.v_proj.weight,50255,97201,147456,0.3408135308159722
rewa-k9-m2-wd0.1-lr6e-4-seed0,rewa,0,0.5,blocks.5.mlp.down_proj.weight,327960,65256,393216,0.83404541015625
rewa-k9-m2-wd0.1-lr6e-4-seed0,rewa,0,0.5,blocks.5.mlp.gate_proj.weight,135641,257575,393216,0.34495290120442706
rewa-k9-m2-wd0.1-lr6e-4-seed0,rewa,0,0.5,blocks.5.mlp.up_proj.weight,136045,257171,393216,0.34598032633463544
rewa-k9-m2-wd0.1-lr6e-4-seed0,rewa,0,0.7,blocks.0.attn.k_proj.weight,85131,62325,147456,0.57733154296875
rewa-k9-m2-wd0.1-lr6e-4-seed0,rewa,0,0.7,blocks.0.attn.o_proj.weight,146709,747,147456,0.99493408203125
rewa-k9-m2-wd0.1-lr6e-4-seed0,rewa,0,0.7,blocks.0.attn.q_proj.weight,84893,62563,147456,0.5757175021701388
rewa-k9-m2-wd0.1-lr6e-4-seed0,rewa,0,0.7,blocks.0.attn.v_proj.weight,85808,61648,147456,0.5819227430555556
rewa-k9-m2-wd0.1-lr6e-4-seed0,rewa,0,0.7,blocks.0.mlp.down_proj.weight,386733,6483,393216,0.9835128784179688
rewa-k9-m2-wd0.1-lr6e-4-seed0,rewa,0,0.7,blocks.0.mlp.gate_proj.weight,225307,167909,393216,0.5729853312174479
rewa-k9-m2-wd0.1-lr6e-4-seed0,rewa,0,0.7,blocks.0.mlp.up_proj.weight,225104,168112,393216,0.5724690755208334
rewa-k9-m2-wd0.1-lr6e-4-seed0,rewa,0,0.7,blocks.1.attn.k_proj.weight,85065,62391,147456,0.5768839518229166
rewa-k9-m2-wd0.1-lr6e-4-seed0,rewa,0,0.7,blocks.1.attn.o_proj.weight,146608,848,147456,0.9942491319444444
rewa-k9-m2-wd0.1-lr6e-4-seed0,rewa,0,0.7,blocks.1.attn.q_proj.weight,85084,62372,147456,0.5770128038194444
rewa-k9-m2-wd0.1-lr6e-4-seed0,rewa,0,0.7,blocks.1.attn.v_proj.weight,85932,61524,147456,0.582763671875
rewa-k9-m2-wd0.1-lr6e-4-seed0,rewa,0,0.7,blocks.1.mlp.down_proj.weight,387325,5891,393216,0.9850184122721354
rewa-k9-m2-wd0.1-lr6e-4-seed0,rewa,0,0.7,blocks.1.mlp.gate_proj.weight,225692,167524,393216,0.5739644368489584
rewa-k9-m2-wd0.1-lr6e-4-seed0,rewa,0,0.7,blocks.1.mlp.up_proj.weight,226188,167028,393216,0.575225830078125
rewa-k9-m2-wd0.1-lr6e-4-seed0,rewa,0,0.7,blocks.2.attn.k_proj.weight,85104,62352,147456,0.5771484375
rewa-k9-m2-wd0.1-lr6e-4-seed0,rewa,0,0.7,blocks.2.attn.o_proj.weight,146174,1282,147456,0.9913058810763888
rewa-k9-m2-wd0.1-lr6e-4-seed0,rewa,0,0.7,blocks.2.attn.q_proj.weight,85377,62079,147456,0.5789998372395834
rewa-k9-m2-wd0.1-lr6e-4-seed0,rewa,0,0.7,blocks.2.attn.v_proj.weight,85745,61711,147456,0.5814954969618056
rewa-k9-m2-wd0.1-lr6e-4-seed0,rewa,0,0.7,blocks.2.mlp.down_proj.weight,387240,5976,393216,0.98480224609375
rewa-k9-m2-wd0.1-lr6e-4-seed0,rewa,0,0.7,blocks.2.mlp.gate_proj.weight,225593,167623,393216,0.5737126668294271
rewa-k9-m2-wd0.1-lr6e-4-seed0,rewa,0,0.7,blocks.2.mlp.up_proj.weight,225728,167488,393216,0.5740559895833334
rewa-k9-m2-wd0.1-lr6e-4-seed0,rewa,0,0.7,blocks.3.attn.k_proj.weight,85190,62266,147456,0.5777316623263888
rewa-k9-m2-wd0.1-lr6e-4-seed0,rewa,0,0.7,blocks.3.attn.o_proj.weight,146125,1331,147456,0.9909735785590278
rewa-k9-m2-wd0.1-lr6e-4-seed0,rewa,0,0.7,blocks.3.attn.q_proj.weight,85051,62405,147456,0.5767890082465278
rewa-k9-m2-wd0.1-lr6e-4-seed0,rewa,0,0.7,blocks.3.attn.v_proj.weight,85421,62035,147456,0.5792982313368056
rewa-k9-m2-wd0.1-lr6e-4-seed0,rewa,0,0.7,blocks.3.mlp.down_proj.weight,386436,6780,393216,0.982757568359375
rewa-k9-m2-wd0.1-lr6e-4-seed0,rewa,0,0.7,blocks.3.mlp.gate_proj.weight,225995,167221,393216,0.5747350056966146
rewa-k9-m2-wd0.1-lr6e-4-seed0,rewa,0,0.7,blocks.3.mlp.up_proj.weight,225327,167889,393216,0.5730361938476562
rewa-k9-m2-wd0.1-lr6e-4-seed0,rewa,0,0.7,blocks.4.attn.k_proj.weight,84921,62535,147456,0.5759073893229166
rewa-k9-m2-wd0.1-lr6e-4-seed0,rewa,0,0.7,blocks.4.attn.o_proj.weight,145795,1661,147456,0.9887356228298612
rewa-k9-m2-wd0.1-lr6e-4-seed0,rewa,0,0.7,blocks.4.attn.q_proj.weight,84927,62529,147456,0.5759480794270834
rewa-k9-m2-wd0.1-lr6e-4-seed0,rewa,0,0.7,blocks.4.attn.v_proj.weight,85433,62023,147456,0.5793796115451388
rewa-k9-m2-wd0.1-lr6e-4-seed0,rewa,0,0.7,blocks.4.mlp.down_proj.weight,385151,8065,393216,0.9794896443684896
rewa-k9-m2-wd0.1-lr6e-4-seed0,rewa,0,0.7,blocks.4.mlp.gate_proj.weight,225270,167946,393216,0.5728912353515625
rewa-k9-m2-wd0.1-lr6e-4-seed0,rewa,0,0.7,blocks.4.mlp.up_proj.weight,225160,168056,393216,0.5726114908854166
rewa-k9-m2-wd0.1-lr6e-4-seed0,rewa,0,0.7,blocks.5.attn.k_proj.weight,85046,62410,147456,0.5767550998263888
rewa-k9-m2-wd0.1-lr6e-4-seed0,rewa,0,0.7,blocks.5.attn.o_proj.weight,145528,1928,147456,0.9869249131944444
rewa-k9-m2-wd0.1-lr6e-4-seed0,rewa,0,0.7,blocks.5.attn.q_proj.weight,84734,62722,147456,0.5746392144097222
rewa-k9-m2-wd0.1-lr6e-4-seed0,rewa,0,0.7,blocks.5.attn.v_proj.weight,85453,62003,147456,0.5795152452256944
rewa-k9-m2-wd0.1-lr6e-4-seed0,rewa,0,0.7,blocks.5.mlp.down_proj.weight,382781,10435,393216,0.9734624226888021
rewa-k9-m2-wd0.1-lr6e-4-seed0,rewa,0,0.7,blocks.5.mlp.gate_proj.weight,224331,168885,393216,0.5705032348632812
rewa-k9-m2-wd0.1-lr6e-4-seed0,rewa,0,0.7,blocks.5.mlp.up_proj.weight,225167,168049,393216,0.5726292928059896
rewa-k9-m2-wd0.1-lr6e-4-seed0,rewa,0,0.8,blocks.0.attn.k_proj.weight,105092,42364,147456,0.7127007378472222
rewa-k9-m2-wd0.1-lr6e-4-seed0,rewa,0,0.8,blocks.0.attn.o_proj.weight,147427,29,147456,0.9998033311631944
rewa-k9-m2-wd0.1-lr6e-4-seed0,rewa,0,0.8,blocks.0.attn.q_proj.weight,104783,42673,147456,0.7106051974826388
rewa-k9-m2-wd0.1-lr6e-4-seed0,rewa,0,0.8,blocks.0.attn.v_proj.weight,107963,39493,147456,0.7321709526909722
rewa-k9-m2-wd0.1-lr6e-4-seed0,rewa,0,0.8,blocks.0.mlp.down_proj.weight,392329,887,393216,0.9977442423502604
rewa-k9-m2-wd0.1-lr6e-4-seed0,rewa,0,0.8,blocks.0.mlp.gate_proj.weight,281047,112169,393216,0.7147394816080729
rewa-k9-m2-wd0.1-lr6e-4-seed0,rewa,0,0.8,blocks.0.mlp.up_proj.weight,280557,112659,393216,0.7134933471679688
rewa-k9-m2-wd0.1-lr6e-4-seed0,rewa,0,0.8,blocks.1.attn.k_proj.weight,104397,43059,147456,0.7079874674479166
rewa-k9-m2-wd0.1-lr6e-4-seed0,rewa,0,0.8,blocks.1.attn.o_proj.weight,147426,30,147456,0.9997965494791666
rewa-k9-m2-wd0.1-lr6e-4-seed0,rewa,0,0.8,blocks.1.attn.q_proj.weight,104002,43454,147456,0.7053087022569444
rewa-k9-m2-wd0.1-lr6e-4-seed0,rewa,0,0.8,blocks.1.attn.v_proj.weight,107997,39459,147456,0.7324015299479166
rewa-k9-m2-wd0.1-lr6e-4-seed0,rewa,0,0.8,blocks.1.mlp.down_proj.weight,392497,719,393216,0.9981714884440104
rewa-k9-m2-wd0.1-lr6e-4-seed0,rewa,0,0.8,blocks.1.mlp.gate_proj.weight,281576,111640,393216,0.7160847981770834
rewa-k9-m2-wd0.1-lr6e-4-seed0,rewa,0,0.8,blocks.1.mlp.up_proj.weight,281957,111259,393216,0.7170537312825521
rewa-k9-m2-wd0.1-lr6e-4-seed0,rewa,0,0.8,blocks.2.attn.k_proj.weight,104077,43379,147456,0.7058173285590278
rewa-k9-m2-wd0.1-lr6e-4-seed0,rewa,0,0.8,blocks.2.attn.o_proj.weight,147363,93,147456,0.9993693033854166
rewa-k9-m2-wd0.1-lr6e-4-seed0,rewa,0,0.8,blocks.2.attn.q_proj.weight,103420,44036,147456,0.7013617621527778
rewa-k9-m2-wd0.1-lr6e-4-seed0,rewa,0,0.8,blocks.2.attn.v_proj.weight,107572,39884,147456,0.7295193142361112
rewa-k9-m2-wd0.1-lr6e-4-seed0,rewa,0,0.8,blocks.2.mlp.down_proj.weight,392442,774,393216,0.9980316162109375
rewa-k9-m2-wd0.1-lr6e-4-seed0,rewa,0,0.8,blocks.2.mlp.gate_proj.weight,281632,111584,393216,0.7162272135416666
rewa-k9-m2-wd0.1-lr6e-4-seed0,rewa,0,0.8,blocks.2.mlp.up_proj.weight,281563,111653,393216,0.7160517374674479
rewa-k9-m2-wd0.1-lr6e-4-seed0,rewa,0,0.8,blocks.3.attn.k_proj.weight,104096,43360,147456,0.7059461805555556
rewa-k9-m2-wd0.1-lr6e-4-seed0,rewa,0,0.8,blocks.3.attn.o_proj.weight,147356,100,147456,0.9993218315972222
rewa-k9-m2-wd0.1-lr6e-4-seed0,rewa,0,0.8,blocks.3.attn.q_proj.weight,103058,44398,147456,0.6989067925347222
rewa-k9-m2-wd0.1-lr6e-4-seed0,rewa,0,0.8,blocks.3.attn.v_proj.weight,107145,40311,147456,0.72662353515625
rewa-k9-m2-wd0.1-lr6e-4-seed0,rewa,0,0.8,blocks.3.mlp.down_proj.weight,392247,969,393216,0.9975357055664062
rewa-k9-m2-wd0.1-lr6e-4-seed0,rewa,0,0.8,blocks.3.mlp.gate_proj.weight,281623,111593,393216,0.7162043253580729
rewa-k9-m2-wd0.1-lr6e-4-seed0,rewa,0,0.8,blocks.3.mlp.up_proj.weight,281211,112005,393216,0.7151565551757812
rewa-k9-m2-wd0.1-lr6e-4-seed0,rewa,0,0.8,blocks.4.attn.k_proj.weight,103920,43536,147456,0.7047526041666666
rewa-k9-m2-wd0.1-lr6e-4-seed0,rewa,0,0.8,blocks.4.attn.o_proj.weight,147284,172,147456,0.9988335503472222
rewa-k9-m2-wd0.1-lr6e-4-seed0,rewa,0,0.8,blocks.4.attn.q_proj.weight,102937,44519,147456,0.6980862087673612
rewa-k9-m2-wd0.1-lr6e-4-seed0,rewa,0,0.8,blocks.4.attn.v_proj.weight,107031,40425,147456,0.7258504231770834
rewa-k9-m2-wd0.1-lr6e-4-seed0,rewa,0,0.8,blocks.4.mlp.down_proj.weight,391850,1366,393216,0.9965260823567709
rewa-k9-m2-wd0.1-lr6e-4-seed0,rewa,0,0.8,blocks.4.mlp.gate_proj.weight,279860,113356,393216,0.7117207845052084
rewa-k9-m2-wd0.1-lr6e-4-seed0,rewa,0,0.8,blocks.4.mlp.up_proj.weight,279841,113375,393216,0.7116724650065104
rewa-k9-m2-wd0.1-lr6e-4-seed0,rewa,0,0.8,blocks.5.attn.k_proj.weight,103473,43983,147456,0.70172119140625
rewa-k9-m2-wd0.1-lr6e-4-seed0,rewa,0,0.8,blocks.5.attn.o_proj.weight,147240,216,147456,0.99853515625
rewa-k9-m2-wd0.1-lr6e-4-seed0,rewa,0,0.8,blocks.5.attn.q_proj.weight,102080,45376,147456,0.6922743055555556
rewa-k9-m2-wd0.1-lr6e-4-seed0,rewa,0,0.8,blocks.5.attn.v_proj.weight,106850,40606,147456,0.7246229383680556
rewa-k9-m2-wd0.1-lr6e-4-seed0,rewa,0,0.8,blocks.5.mlp.down_proj.weight,390945,2271,393216,0.9942245483398438
rewa-k9-m2-wd0.1-lr6e-4-seed0,rewa,0,0.8,blocks.5.mlp.gate_proj.weight,277954,115262,393216,0.7068735758463541
rewa-k9-m2-wd0.1-lr6e-4-seed0,rewa,0,0.8,blocks.5.mlp.up_proj.weight,278346,114870,393216,0.7078704833984375
rewa-k9-m2-wd0.1-lr6e-4-seed0,rewa,0,0.9,blocks.0.attn.k_proj.weight,125451,22005,147456,0.85076904296875
rewa-k9-m2-wd0.1-lr6e-4-seed0,rewa,0,0.9,blocks.0.attn.o_proj.weight,147455,1,147456,0.9999932183159722
rewa-k9-m2-wd0.1-lr6e-4-seed0,rewa,0,0.9,blocks.0.attn.q_proj.weight,124810,22646,147456,0.8464219835069444
rewa-k9-m2-wd0.1-lr6e-4-seed0,rewa,0,0.9,blocks.0.attn.v_proj.weight,130801,16655,147456,0.8870510525173612
rewa-k9-m2-wd0.1-lr6e-4-seed0,rewa,0,0.9,blocks.0.mlp.down_proj.weight,393187,29,393216,0.9999262491861979
rewa-k9-m2-wd0.1-lr6e-4-seed0,rewa,0,0.9,blocks.0.mlp.gate_proj.weight,339011,54205,393216,0.8621495564778646
rewa-k9-m2-wd0.1-lr6e-4-seed0,rewa,0,0.9,blocks.0.mlp.up_proj.weight,338697,54519,393216,0.8613510131835938
rewa-k9-m2-wd0.1-lr6e-4-seed0,rewa,0,0.9,blocks.1.attn.k_proj.weight,124239,23217,147456,0.8425496419270834
rewa-k9-m2-wd0.1-lr6e-4-seed0,rewa,0,0.9,blocks.1.attn.o_proj.weight,147456,0,147456,1.0
rewa-k9-m2-wd0.1-lr6e-4-seed0,rewa,0,0.9,blocks.1.attn.q_proj.weight,123370,24086,147456,0.8366563585069444
rewa-k9-m2-wd0.1-lr6e-4-seed0,rewa,0,0.9,blocks.1.attn.v_proj.weight,130673,16783,147456,0.8861829969618056
rewa-k9-m2-wd0.1-lr6e-4-seed0,rewa,0,0.9,blocks.1.mlp.down_proj.weight,393198,18,393216,0.9999542236328125
rewa-k9-m2-wd0.1-lr6e-4-seed0,rewa,0,0.9,blocks.1.mlp.gate_proj.weight,339802,53414,393216,0.8641611735026041
rewa-k9-m2-wd0.1-lr6e-4-seed0,rewa,0,0.9,blocks.1.mlp.up_proj.weight,339930,53286,393216,0.8644866943359375
rewa-k9-m2-wd0.1-lr6e-4-seed0,rewa,0,0.9,blocks.2.attn.k_proj.weight,123875,23581,147456,0.8400811089409722
rewa-k9-m2-wd0.1-lr6e-4-seed0,rewa,0,0.9,blocks.2.attn.o_proj.weight,147454,2,147456,0.9999864366319444
rewa-k9-m2-wd0.1-lr6e-4-seed0,rewa,0,0.9,blocks.2.attn.q_proj.weight,122216,25240,147456,0.8288302951388888
rewa-k9-m2-wd0.1-lr6e-4-seed0,rewa,0,0.9,blocks.2.attn.v_proj.weight,129864,17592,147456,0.8806966145833334
rewa-k9-m2-wd0.1-lr6e-4-seed0,rewa,0,0.9,blocks.2.mlp.down_proj.weight,393190,26,393216,0.9999338785807291
rewa-k9-m2-wd0.1-lr6e-4-seed0,rewa,0,0.9,blocks.2.mlp.gate_proj.weight,339653,53563,393216,0.8637822469075521
rewa-k9-m2-wd0.1-lr6e-4-seed0,rewa,0,0.9,blocks.2.mlp.up_proj.weight,339596,53620,393216,0.8636372884114584
rewa-k9-m2-wd0.1-lr6e-4-seed0,rewa,0,0.9,blocks.3.attn.k_proj.weight,123697,23759,147456,0.8388739691840278
rewa-k9-m2-wd0.1-lr6e-4-seed0,rewa,0,0.9,blocks.3.attn.o_proj.weight,147455,1,147456,0.9999932183159722
rewa-k9-m2-wd0.1-lr6e-4-seed0,rewa,0,0.9,blocks.3.attn.q_proj.weight,121569,25887,147456,0.8244425455729166
rewa-k9-m2-wd0.1-lr6e-4-seed0,rewa,0,0.9,blocks.3.attn.v_proj.weight,129540,17916,147456,0.8784993489583334
rewa-k9-m2-wd0.1-lr6e-4-seed0,rewa,0,0.9,blocks.3.mlp.down_proj.weight,393177,39,393216,0.9999008178710938
rewa-k9-m2-wd0.1-lr6e-4-seed0,rewa,0,0.9,blocks.3.mlp.gate_proj.weight,339057,54159,393216,0.8622665405273438
rewa-k9-m2-wd0.1-lr6e-4-seed0,rewa,0,0.9,blocks.3.mlp.up_proj.weight,338988,54228,393216,0.862091064453125
rewa-k9-m2-wd0.1-lr6e-4-seed0,rewa,0,0.9,blocks.4.attn.k_proj.weight,123359,24097,147456,0.8365817599826388
rewa-k9-m2-wd0.1-lr6e-4-seed0,rewa,0,0.9,blocks.4.attn.o_proj.weight,147451,5,147456,0.9999660915798612
rewa-k9-m2-wd0.1-lr6e-4-seed0,rewa,0,0.9,blocks.4.attn.q_proj.weight,121874,25582,147456,0.8265109592013888
rewa-k9-m2-wd0.1-lr6e-4-seed0,rewa,0,0.9,blocks.4.attn.v_proj.weight,129220,18236,147456,0.8763292100694444
rewa-k9-m2-wd0.1-lr6e-4-seed0,rewa,0,0.9,blocks.4.mlp.down_proj.weight,393135,81,393216,0.9997940063476562
rewa-k9-m2-wd0.1-lr6e-4-seed0,rewa,0,0.9,blocks.4.mlp.gate_proj.weight,336627,56589,393216,0.8560867309570312
rewa-k9-m2-wd0.1-lr6e-4-seed0,rewa,0,0.9,blocks.4.mlp.up_proj.weight,336948,56268,393216,0.856903076171875
rewa-k9-m2-wd0.1-lr6e-4-seed0,rewa,0,0.9,blocks.5.attn.k_proj.weight,122413,25043,147456,0.8301662868923612
rewa-k9-m2-wd0.1-lr6e-4-seed0,rewa,0,0.9,blocks.5.attn.o_proj.weight,147450,6,147456,0.9999593098958334
rewa-k9-m2-wd0.1-lr6e-4-seed0,rewa,0,0.9,blocks.5.attn.q_proj.weight,120304,27152,147456,0.8158637152777778
rewa-k9-m2-wd0.1-lr6e-4-seed0,rewa,0,0.9,blocks.5.attn.v_proj.weight,129162,18294,147456,0.8759358723958334
rewa-k9-m2-wd0.1-lr6e-4-seed0,rewa,0,0.9,blocks.5.mlp.down_proj.weight,393039,177,393216,0.9995498657226562
rewa-k9-m2-wd0.1-lr6e-4-seed0,rewa,0,0.9,blocks.5.mlp.gate_proj.weight,333076,60140,393216,0.8470560709635416
rewa-k9-m2-wd0.1-lr6e-4-seed0,rewa,0,0.9,blocks.5.mlp.up_proj.weight,333680,59536,393216,0.8485921223958334
rewa-k9-m2-wd0.1-lr6e-4-seed0,rewa,0,0.95,blocks.0.attn.k_proj.weight,135971,11485,147456,0.9221123589409722
rewa-k9-m2-wd0.1-lr6e-4-seed0,rewa,0,0.95,blocks.0.attn.o_proj.weight,147456,0,147456,1.0
rewa-k9-m2-wd0.1-lr6e-4-seed0,rewa,0,0.95,blocks.0.attn.q_proj.weight,135273,12183,147456,0.9173787434895834
rewa-k9-m2-wd0.1-lr6e-4-seed0,rewa,0,0.95,blocks.0.attn.v_proj.weight,141015,6441,147456,0.9563191731770834
rewa-k9-m2-wd0.1-lr6e-4-seed0,rewa,0,0.95,blocks.0.mlp.down_proj.weight,393216,0,393216,1.0
rewa-k9-m2-wd0.1-lr6e-4-seed0,rewa,0,0.95,blocks.0.mlp.gate_proj.weight,367752,25464,393216,0.93524169921875
rewa-k9-m2-wd0.1-lr6e-4-seed0,rewa,0,0.95,blocks.0.mlp.up_proj.weight,367783,25433,393216,0.9353205362955729
rewa-k9-m2-wd0.1-lr6e-4-seed0,rewa,0,0.95,blocks.1.attn.k_proj.weight,134612,12844,147456,0.9128960503472222
rewa-k9-m2-wd0.1-lr6e-4-seed0,rewa,0,0.95,blocks.1.attn.o_proj.weight,147456,0,147456,1.0
rewa-k9-m2-wd0.1-lr6e-4-seed0,rewa,0,0.95,blocks.1.attn.q_proj.weight,133725,13731,147456,0.9068806966145834
rewa-k9-m2-wd0.1-lr6e-4-seed0,rewa,0,0.95,blocks.1.attn.v_proj.weight,141060,6396,147456,0.9566243489583334
rewa-k9-m2-wd0.1-lr6e-4-seed0,rewa,0,0.95,blocks.1.mlp.down_proj.weight,393215,1,393216,0.9999974568684896
rewa-k9-m2-wd0.1-lr6e-4-seed0,rewa,0,0.95,blocks.1.mlp.gate_proj.weight,368593,24623,393216,0.9373804728190104
rewa-k9-m2-wd0.1-lr6e-4-seed0,rewa,0,0.95,blocks.1.mlp.up_proj.weight,368643,24573,393216,0.9375076293945312
rewa-k9-m2-wd0.1-lr6e-4-seed0,rewa,0,0.95,blocks.2.attn.k_proj.weight,134256,13200,147456,0.9104817708333334
rewa-k9-m2-wd0.1-lr6e-4-seed0,rewa,0,0.95,blocks.2.attn.o_proj.weight,147456,0,147456,1.0
rewa-k9-m2-wd0.1-lr6e-4-seed0,rewa,0,0.95,blocks.2.attn.q_proj.weight,132488,14968,147456,0.8984917534722222
rewa-k9-m2-wd0.1-lr6e-4-seed0,rewa,0,0.95,blocks.2.attn.v_proj.weight,140474,6982,147456,0.9526502821180556
rewa-k9-m2-wd0.1-lr6e-4-seed0,rewa,0,0.95,blocks.2.mlp.down_proj.weight,393214,2,393216,0.9999949137369791
rewa-k9-m2-wd0.1-lr6e-4-seed0,rewa,0,0.95,blocks.2.mlp.gate_proj.weight,368362,24854,393216,0.9367930094401041
rewa-k9-m2-wd0.1-lr6e-4-seed0,rewa,0,0.95,blocks.2.mlp.up_proj.weight,368393,24823,393216,0.9368718465169271
rewa-k9-m2-wd0.1-lr6e-4-seed0,rewa,0,0.95,blocks.3.attn.k_proj.weight,133990,13466,147456,0.9086778428819444
rewa-k9-m2-wd0.1-lr6e-4-seed0,rewa,0,0.95,blocks.3.attn.o_proj.weight,147456,0,147456,1.0
rewa-k9-m2-wd0.1-lr6e-4-seed0,rewa,0,0.95,blocks.3.attn.q_proj.weight,131648,15808,147456,0.8927951388888888
rewa-k9-m2-wd0.1-lr6e-4-seed0,rewa,0,0.95,blocks.3.attn.v_proj.weight,140197,7259,147456,0.9507717556423612
rewa-k9-m2-wd0.1-lr6e-4-seed0,rewa,0,0.95,blocks.3.mlp.down_proj.weight,393216,0,393216,1.0
rewa-k9-m2-wd0.1-lr6e-4-seed0,rewa,0,0.95,blocks.3.mlp.gate_proj.weight,367494,25722,393216,0.9345855712890625
rewa-k9-m2-wd0.1-lr6e-4-seed0,rewa,0,0.95,blocks.3.mlp.up_proj.weight,367700,25516,393216,0.9351094563802084
rewa-k9-m2-wd0.1-lr6e-4-seed0,rewa,0,0.95,blocks.4.attn.k_proj.weight,133700,13756,147456,0.9067111545138888
rewa-k9-m2-wd0.1-lr6e-4-seed0,rewa,0,0.95,blocks.4.attn.o_proj.weight,147456,0,147456,1.0
rewa-k9-m2-wd0.1-lr6e-4-seed0,rewa,0,0.95,blocks.4.attn.q_proj.weight,132176,15280,147456,0.8963758680555556
rewa-k9-m2-wd0.1-lr6e-4-seed0,rewa,0,0.95,blocks.4.attn.v_proj.weight,139804,7652,147456,0.9481065538194444
rewa-k9-m2-wd0.1-lr6e-4-seed0,rewa,0,0.95,blocks.4.mlp.down_proj.weight,393213,3,393216,0.9999923706054688
rewa-k9-m2-wd0.1-lr6e-4-seed0,rewa,0,0.95,blocks.4.mlp.gate_proj.weight,365154,28062,393216,0.9286346435546875
rewa-k9-m2-wd0.1-lr6e-4-seed0,rewa,0,0.95,blocks.4.mlp.up_proj.weight,365512,27704,393216,0.9295450846354166
rewa-k9-m2-wd0.1-lr6e-4-seed0,rewa,0,0.95,blocks.5.attn.k_proj.weight,132587,14869,147456,0.8991631401909722
rewa-k9-m2-wd0.1-lr6e-4-seed0,rewa,0,0.95,blocks.5.attn.o_proj.weight,147456,0,147456,1.0
rewa-k9-m2-wd0.1-lr6e-4-seed0,rewa,0,0.95,blocks.5.attn.q_proj.weight,130435,17021,147456,0.8845689561631944
rewa-k9-m2-wd0.1-lr6e-4-seed0,rewa,0,0.95,blocks.5.attn.v_proj.weight,139704,7752,147456,0.9474283854166666
rewa-k9-m2-wd0.1-lr6e-4-seed0,rewa,0,0.95,blocks.5.mlp.down_proj.weight,393205,11,393216,0.9999720255533854
rewa-k9-m2-wd0.1-lr6e-4-seed0,rewa,0,0.95,blocks.5.mlp.gate_proj.weight,361398,31818,393216,0.9190826416015625
rewa-k9-m2-wd0.1-lr6e-4-seed0,rewa,0,0.95,blocks.5.mlp.up_proj.weight,362076,31140,393216,0.920806884765625
rewa-k9-m2-wd1-lr6e-4-seed0,rewa,0,0.0,blocks.0.attn.k_proj.weight,0,147456,147456,0.0
rewa-k9-m2-wd1-lr6e-4-seed0,rewa,0,0.0,blocks.0.attn.o_proj.weight,0,147456,147456,0.0
rewa-k9-m2-wd1-lr6e-4-seed0,rewa,0,0.0,blocks.0.attn.q_proj.weight,0,147456,147456,0.0
rewa-k9-m2-wd1-lr6e-4-seed0,rewa,0,0.0,blocks.0.attn.v_proj.weight,0,147456,147456,0.0
rewa-k9-m2-wd1-lr6e-4-seed0,rewa,0,0.0,blocks.0.mlp.down_proj.weight,0,393216,393216,0.0
rewa-k9-m2-wd1-lr6e-4-seed0,rewa,0,0.0,blocks.0.mlp.gate_proj.weight,0,393216,393216,0.0
rewa-k9-m2-wd1-lr6e-4-seed0,rewa,0,0.0,blocks.0.mlp.up_proj.weight,0,393216,393216,0.0
rewa-k9-m2-wd1-lr6e-4-seed0,rewa,0,0.0,blocks.1.attn.k_proj.weight,0,147456,147456,0.0
rewa-k9-m2-wd1-lr6e-4-seed0,rewa,0,0.0,blocks.1.attn.o_proj.weight,0,147456,147456,0.0
rewa-k9-m2-wd1-lr6e-4-seed0,rewa,0,0.0,blocks.1.attn.q_proj.weight,0,147456,147456,0.0
rewa-k9-m2-wd1-lr6e-4-seed0,rewa,0,0.0,blocks.1.attn.v_proj.weight,0,147456,147456,0.0
rewa-k9-m2-wd1-lr6e-4-seed0,rewa,0,0.0,blocks.1.mlp.down_proj.weight,0,393216,393216,0.0
rewa-k9-m2-wd1-lr6e-4-seed0,rewa,0,0.0,blocks.1.mlp.gate_proj.weight,0,393216,393216,0.0
rewa-k9-m2-wd1-lr6e-4-seed0,rewa,0,0.0,blocks.1.mlp.up_proj.weight,0,393216,393216,0.0
rewa-k9-m2-wd1-lr6e-4-seed0,rewa,0,0.0,blocks.2.attn.k_proj.weight,0,147456,147456,0.0
rewa-k9-m2-wd1-lr6e-4-seed0,rewa,0,0.0,blocks.2.attn.o_proj.weight,0,147456,147456,0.0
rewa-k9-m2-wd1-lr6e-4-seed0,rewa,0,0.0,blocks.2.attn.q_proj.weight,0,147456,147456,0.0
rewa-k9-m2-wd1-lr6e-4-seed0,rewa,0,0.0,blocks.2.attn.v_proj.weight,0,147456,147456,0.0
rewa-k9-m2-wd1-lr6e-4-seed0,rewa,0,0.0,blocks.2.mlp.down_proj.weight,0,393216,393216,0.0
rewa-k9-m2-wd1-lr6e-4-seed0,rewa,0,0.0,blocks.2.mlp.gate_proj.weight,0,393216,393216,0.0
rewa-k9-m2-wd1-lr6e-4-seed0,rewa,0,0.0,blocks.2.mlp.up_proj.weight,0,393216,393216,0.0
rewa-k9-m2-wd1-lr6e-4-seed0,rewa,0,0.0,blocks.3.attn.k_proj.weight,0,147456,147456,0.0
rewa-k9-m2-wd1-lr6e-4-seed0,rewa,0,0.0,blocks.3.attn.o_proj.weight,0,147456,147456,0.0
rewa-k9-m2-wd1-lr6e-4-seed0,rewa,0,0.0,blocks.3.attn.q_proj.weight,0,147456,147456,0.0
rewa-k9-m2-wd1-lr6e-4-seed0,rewa,0,0.0,blocks.3.attn.v_proj.weight,0,147456,147456,0.0
rewa-k9-m2-wd1-lr6e-4-seed0,rewa,0,0.0,blocks.3.mlp.down_proj.weight,0,393216,393216,0.0
rewa-k9-m2-wd1-lr6e-4-seed0,rewa,0,0.0,blocks.3.mlp.gate_proj.weight,0,393216,393216,0.0
rewa-k9-m2-wd1-lr6e-4-seed0,rewa,0,0.0,blocks.3.mlp.up_proj.weight,0,393216,393216,0.0
rewa-k9-m2-wd1-lr6e-4-seed0,rewa,0,0.0,blocks.4.attn.k_proj.weight,0,147456,147456,0.0
rewa-k9-m2-wd1-lr6e-4-seed0,rewa,0,0.0,blocks.4.attn.o_proj.weight,0,147456,147456,0.0
rewa-k9-m2-wd1-lr6e-4-seed0,rewa,0,0.0,blocks.4.attn.q_proj.weight,0,147456,147456,0.0
rewa-k9-m2-wd1-lr6e-4-seed0,rewa,0,0.0,blocks.4.attn.v_proj.weight,0,147456,147456,0.0
rewa-k9-m2-wd1-lr6e-4-seed0,rewa,0,0.0,blocks.4.mlp.down_proj.weight,0,393216,393216,0.0
rewa-k9-m2-wd1-lr6e-4-seed0,rewa,0,0.0,blocks.4.mlp.gate_proj.weight,0,393216,393216,0.0
rewa-k9-m2-wd1-lr6e-4-seed0,rewa,0,0.0,blocks.4.mlp.up_proj.weight,0,393216,393216,0.0
rewa-k9-m2-wd1-lr6e-4-seed0,rewa,0,0.0,blocks.5.attn.k_proj.weight,0,147456,147456,0.0
rewa-k9-m2-wd1-lr6e-4-seed0,rewa,0,0.0,blocks.5.attn.o_proj.weight,0,147456,147456,0.0
rewa-k9-m2-wd1-lr6e-4-seed0,rewa,0,0.0,blocks.5.attn.q_proj.weight,0,147456,147456,0.0
rewa-k9-m2-wd1-lr6e-4-seed0,rewa,0,0.0,blocks.5.attn.v_proj.weight,0,147456,147456,0.0
rewa-k9-m2-wd1-lr6e-4-seed0,rewa,0,0.0,blocks.5.mlp.down_proj.weight,0,393216,393216,0.0
rewa-k9-m2-wd1-lr6e-4-seed0,rewa,0,0.0,blocks.5.mlp.gate_proj.weight,0,393216,393216,0.0
rewa-k9-m2-wd1-lr6e-4-seed0,rewa,0,0.0,blocks.5.mlp.up_proj.weight,0,393216,393216,0.0
rewa-k9-m2-wd1-lr6e-4-seed0,rewa,0,0.3,blocks.0.attn.k_proj.weight,32457,114999,147456,0.22011311848958334
rewa-k9-m2-wd1-lr6e-4-seed0,rewa,0,0.3,blocks.0.attn.o_proj.weight,77000,70456,147456,0.5221896701388888
rewa-k9-m2-wd1-lr6e-4-seed0,rewa,0,0.3,blocks.0.attn.q_proj.weight,33699,113757,147456,0.22853597005208334
rewa-k9-m2-wd1-lr6e-4-seed0,rewa,0,0.3,blocks.0.attn.v_proj.weight,25258,122198,147456,0.1712917751736111
rewa-k9-m2-wd1-lr6e-4-seed0,rewa,0,0.3,blocks.0.mlp.down_proj.weight,200763,192453,393216,0.5105667114257812
rewa-k9-m2-wd1-lr6e-4-seed0,rewa,0,0.3,blocks.0.mlp.gate_proj.weight,74999,318217,393216,0.1907323201497396
rewa-k9-m2-wd1-lr6e-4-seed0,rewa,0,0.3,blocks.0.mlp.up_proj.weight,74088,319128,393216,0.18841552734375
rewa-k9-m2-wd1-lr6e-4-seed0,rewa,0,0.3,blocks.1.attn.k_proj.weight,33887,113569,147456,0.22981092664930555
rewa-k9-m2-wd1-lr6e-4-seed0,rewa,0,0.3,blocks.1.attn.o_proj.weight,77026,70430,147456,0.5223659939236112
rewa-k9-m2-wd1-lr6e-4-seed0,rewa,0,0.3,blocks.1.attn.q_proj.weight,34178,113278,147456,0.2317843967013889
rewa-k9-m2-wd1-lr6e-4-seed0,rewa,0,0.3,blocks.1.attn.v_proj.weight,24759,122697,147456,0.16790771484375
rewa-k9-m2-wd1-lr6e-4-seed0,rewa,0,0.3,blocks.1.mlp.down_proj.weight,201626,191590,393216,0.5127614339192709
rewa-k9-m2-wd1-lr6e-4-seed0,rewa,0,0.3,blocks.1.mlp.gate_proj.weight,74951,318265,393216,0.1906102498372396
rewa-k9-m2-wd1-lr6e-4-seed0,rewa,0,0.3,blocks.1.mlp.up_proj.weight,74566,318650,393216,0.18963114420572916
rewa-k9-m2-wd1-lr6e-4-seed0,rewa,0,0.3,blocks.2.attn.k_proj.weight,35481,111975,147456,0.24062093098958334
rewa-k9-m2-wd1-lr6e-4-seed0,rewa,0,0.3,blocks.2.attn.o_proj.weight,76214,71242,147456,0.5168592664930556
rewa-k9-m2-wd1-lr6e-4-seed0,rewa,0,0.3,blocks.2.attn.q_proj.weight,40726,106730,147456,0.2761908637152778
rewa-k9-m2-wd1-lr6e-4-seed0,rewa,0,0.3,blocks.2.attn.v_proj.weight,24732,122724,147456,0.167724609375
rewa-k9-m2-wd1-lr6e-4-seed0,rewa,0,0.3,blocks.2.mlp.down_proj.weight,201967,191249,393216,0.5136286417643229
rewa-k9-m2-wd1-lr6e-4-seed0,rewa,0,0.3,blocks.2.mlp.gate_proj.weight,74699,318517,393216,0.1899693806966146
rewa-k9-m2-wd1-lr6e-4-seed0,rewa,0,0.3,blocks.2.mlp.up_proj.weight,74814,318402,393216,0.1902618408203125
rewa-k9-m2-wd1-lr6e-4-seed0,rewa,0,0.3,blocks.3.attn.k_proj.weight,36298,111158,147456,0.2461615668402778
rewa-k9-m2-wd1-lr6e-4-seed0,rewa,0,0.3,blocks.3.attn.o_proj.weight,76080,71376,147456,0.5159505208333334
rewa-k9-m2-wd1-lr6e-4-seed0,rewa,0,0.3,blocks.3.attn.q_proj.weight,45549,101907,147456,0.30889892578125
rewa-k9-m2-wd1-lr6e-4-seed0,rewa,0,0.3,blocks.3.attn.v_proj.weight,25094,122362,147456,0.17017957899305555
rewa-k9-m2-wd1-lr6e-4-seed0,rewa,0,0.3,blocks.3.mlp.down_proj.weight,200850,192366,393216,0.5107879638671875
rewa-k9-m2-wd1-lr6e-4-seed0,rewa,0,0.3,blocks.3.mlp.gate_proj.weight,75660,317556,393216,0.192413330078125
rewa-k9-m2-wd1-lr6e-4-seed0,rewa,0,0.3,blocks.3.mlp.up_proj.weight,75362,317854,393216,0.19165547688802084
rewa-k9-m2-wd1-lr6e-4-seed0,rewa,0,0.3,blocks.4.attn.k_proj.weight,35756,111700,147456,0.2424858940972222
rewa-k9-m2-wd1-lr6e-4-seed0,rewa,0,0.3,blocks.4.attn.o_proj.weight,76149,71307,147456,0.51641845703125
rewa-k9-m2-wd1-lr6e-4-seed0,rewa,0,0.3,blocks.4.attn.q_proj.weight,41928,105528,147456,0.2843424479166667
rewa-k9-m2-wd1-lr6e-4-seed0,rewa,0,0.3,blocks.4.attn.v_proj.weight,25298,122158,147456,0.1715630425347222
rewa-k9-m2-wd1-lr6e-4-seed0,rewa,0,0.3,blocks.4.mlp.down_proj.weight,201364,191852,393216,0.5120951334635416
rewa-k9-m2-wd1-lr6e-4-seed0,rewa,0,0.3,blocks.4.mlp.gate_proj.weight,77445,315771,393216,0.19695281982421875
rewa-k9-m2-wd1-lr6e-4-seed0,rewa,0,0.3,blocks.4.mlp.up_proj.weight,75688,317528,393216,0.19248453776041666
rewa-k9-m2-wd1-lr6e-4-seed0,rewa,0,0.3,blocks.5.attn.k_proj.weight,37789,109667,147456,0.2562730577256944
rewa-k9-m2-wd1-lr6e-4-seed0,rewa,0,0.3,blocks.5.attn.o_proj.weight,76020,71436,147456,0.5155436197916666
rewa-k9-m2-wd1-lr6e-4-seed0,rewa,0,0.3,blocks.5.attn.q_proj.weight,43855,103601,147456,0.2974107530381944
rewa-k9-m2-wd1-lr6e-4-seed0,rewa,0,0.3,blocks.5.attn.v_proj.weight,25112,122344,147456,0.17030164930555555
rewa-k9-m2-wd1-lr6e-4-seed0,rewa,0,0.3,blocks.5.mlp.down_proj.weight,200344,192872,393216,0.5095011393229166
rewa-k9-m2-wd1-lr6e-4-seed0,rewa,0,0.3,blocks.5.mlp.gate_proj.weight,83514,309702,393216,0.2123870849609375
rewa-k9-m2-wd1-lr6e-4-seed0,rewa,0,0.3,blocks.5.mlp.up_proj.weight,82005,311211,393216,0.20854949951171875
rewa-k9-m2-wd1-lr6e-4-seed0,rewa,0,0.5,blocks.0.attn.k_proj.weight,57407,90049,147456,0.3893161349826389
rewa-k9-m2-wd1-lr6e-4-seed0,rewa,0,0.5,blocks.0.attn.o_proj.weight,123553,23903,147456,0.8378974066840278
rewa-k9-m2-wd1-lr6e-4-seed0,rewa,0,0.5,blocks.0.attn.q_proj.weight,57850,89606,147456,0.3923204210069444
rewa-k9-m2-wd1-lr6e-4-seed0,rewa,0,0.5,blocks.0.attn.v_proj.weight,50372,97084,147456,0.3416069878472222
rewa-k9-m2-wd1-lr6e-4-seed0,rewa,0,0.5,blocks.0.mlp.down_proj.weight,309902,83314,393216,0.7881215413411459
rewa-k9-m2-wd1-lr6e-4-seed0,rewa,0,0.5,blocks.0.mlp.gate_proj.weight,141095,252121,393216,0.35882314046223956
rewa-k9-m2-wd1-lr6e-4-seed0,rewa,0,0.5,blocks.0.mlp.up_proj.weight,139562,253654,393216,0.3549245198567708
rewa-k9-m2-wd1-lr6e-4-seed0,rewa,0,0.5,blocks.1.attn.k_proj.weight,58040,89416,147456,0.3936089409722222
rewa-k9-m2-wd1-lr6e-4-seed0,rewa,0,0.5,blocks.1.attn.o_proj.weight,123932,23524,147456,0.8404676649305556
rewa-k9-m2-wd1-lr6e-4-seed0,rewa,0,0.5,blocks.1.attn.q_proj.weight,58380,89076,147456,0.3959147135416667
rewa-k9-m2-wd1-lr6e-4-seed0,rewa,0,0.5,blocks.1.attn.v_proj.weight,50133,97323,147456,0.3399861653645833
rewa-k9-m2-wd1-lr6e-4-seed0,rewa,0,0.5,blocks.1.mlp.down_proj.weight,313136,80080,393216,0.7963460286458334
rewa-k9-m2-wd1-lr6e-4-seed0,rewa,0,0.5,blocks.1.mlp.gate_proj.weight,140382,252834,393216,0.3570098876953125
rewa-k9-m2-wd1-lr6e-4-seed0,rewa,0,0.5,blocks.1.mlp.up_proj.weight,140930,252286,393216,0.3584035237630208
rewa-k9-m2-wd1-lr6e-4-seed0,rewa,0,0.5,blocks.2.attn.k_proj.weight,59012,88444,147456,0.4002007378472222
rewa-k9-m2-wd1-lr6e-4-seed0,rewa,0,0.5,blocks.2.attn.o_proj.weight,122424,25032,147456,0.8302408854166666
rewa-k9-m2-wd1-lr6e-4-seed0,rewa,0,0.5,blocks.2.attn.q_proj.weight,62373,85083,147456,0.4229939778645833
rewa-k9-m2-wd1-lr6e-4-seed0,rewa,0,0.5,blocks.2.attn.v_proj.weight,49592,97864,147456,0.3363172743055556
rewa-k9-m2-wd1-lr6e-4-seed0,rewa,0,0.5,blocks.2.mlp.down_proj.weight,315168,78048,393216,0.801513671875
rewa-k9-m2-wd1-lr6e-4-seed0,rewa,0,0.5,blocks.2.mlp.gate_proj.weight,140670,252546,393216,0.3577423095703125
rewa-k9-m2-wd1-lr6e-4-seed0,rewa,0,0.5,blocks.2.mlp.up_proj.weight,141039,252177,393216,0.35868072509765625
rewa-k9-m2-wd1-lr6e-4-seed0,rewa,0,0.5,blocks.3.attn.k_proj.weight,59633,87823,147456,0.4044121636284722
rewa-k9-m2-wd1-lr6e-4-seed0,rewa,0,0.5,blocks.3.attn.o_proj.weight,119317,28139,147456,0.8091701931423612
rewa-k9-m2-wd1-lr6e-4-seed0,rewa,0,0.5,blocks.3.attn.q_proj.weight,64424,83032,147456,0.4369032118055556
rewa-k9-m2-wd1-lr6e-4-seed0,rewa,0,0.5,blocks.3.attn.v_proj.weight,49982,97474,147456,0.3389621310763889
rewa-k9-m2-wd1-lr6e-4-seed0,rewa,0,0.5,blocks.3.mlp.down_proj.weight,313464,79752,393216,0.79718017578125
rewa-k9-m2-wd1-lr6e-4-seed0,rewa,0,0.5,blocks.3.mlp.gate_proj.weight,141735,251481,393216,0.36045074462890625
rewa-k9-m2-wd1-lr6e-4-seed0,rewa,0,0.5,blocks.3.mlp.up_proj.weight,141557,251659,393216,0.35999806722005206
rewa-k9-m2-wd1-lr6e-4-seed0,rewa,0,0.5,blocks.4.attn.k_proj.weight,59059,88397,147456,0.4005194769965278
rewa-k9-m2-wd1-lr6e-4-seed0,rewa,0,0.5,blocks.4.attn.o_proj.weight,118466,28990,147456,0.8033989800347222
rewa-k9-m2-wd1-lr6e-4-seed0,rewa,0,0.5,blocks.4.attn.q_proj.weight,62700,84756,147456,0.4252115885416667
rewa-k9-m2-wd1-lr6e-4-seed0,rewa,0,0.5,blocks.4.attn.v_proj.weight,50149,97307,147456,0.3400946723090278
rewa-k9-m2-wd1-lr6e-4-seed0,rewa,0,0.5,blocks.4.mlp.down_proj.weight,308971,84245,393216,0.7857538859049479
rewa-k9-m2-wd1-lr6e-4-seed0,rewa,0,0.5,blocks.4.mlp.gate_proj.weight,143040,250176,393216,0.36376953125
rewa-k9-m2-wd1-lr6e-4-seed0,rewa,0,0.5,blocks.4.mlp.up_proj.weight,141511,251705,393216,0.35988108317057294
rewa-k9-m2-wd1-lr6e-4-seed0,rewa,0,0.5,blocks.5.attn.k_proj.weight,60301,87155,147456,0.4089423285590278
rewa-k9-m2-wd1-lr6e-4-seed0,rewa,0,0.5,blocks.5.attn.o_proj.weight,115995,31461,147456,0.7866414388020834
rewa-k9-m2-wd1-lr6e-4-seed0,rewa,0,0.5,blocks.5.attn.q_proj.weight,63338,84118,147456,0.4295383029513889
rewa-k9-m2-wd1-lr6e-4-seed0,rewa,0,0.5,blocks.5.attn.v_proj.weight,50084,97372,147456,0.3396538628472222
rewa-k9-m2-wd1-lr6e-4-seed0,rewa,0,0.5,blocks.5.mlp.down_proj.weight,296560,96656,393216,0.7541910807291666
rewa-k9-m2-wd1-lr6e-4-seed0,rewa,0,0.5,blocks.5.mlp.gate_proj.weight,147121,246095,393216,0.37414805094401044
rewa-k9-m2-wd1-lr6e-4-seed0,rewa,0,0.5,blocks.5.mlp.up_proj.weight,146057,247159,393216,0.37144215901692706
rewa-k9-m2-wd1-lr6e-4-seed0,rewa,0,0.7,blocks.0.attn.k_proj.weight,87502,59954,147456,0.5934109157986112
rewa-k9-m2-wd1-lr6e-4-seed0,rewa,0,0.7,blocks.0.attn.o_proj.weight,145276,2180,147456,0.9852159288194444
rewa-k9-m2-wd1-lr6e-4-seed0,rewa,0,0.7,blocks.0.attn.q_proj.weight,86903,60553,147456,0.5893486870659722
rewa-k9-m2-wd1-lr6e-4-seed0,rewa,0,0.7,blocks.0.attn.v_proj.weight,89182,58274,147456,0.6048041449652778
rewa-k9-m2-wd1-lr6e-4-seed0,rewa,0,0.7,blocks.0.mlp.down_proj.weight,374891,18325,393216,0.9533971150716146
rewa-k9-m2-wd1-lr6e-4-seed0,rewa,0,0.7,blocks.0.mlp.gate_proj.weight,230469,162747,393216,0.5861129760742188
rewa-k9-m2-wd1-lr6e-4-seed0,rewa,0,0.7,blocks.0.mlp.up_proj.weight,230238,162978,393216,0.5855255126953125
rewa-k9-m2-wd1-lr6e-4-seed0,rewa,0,0.7,blocks.1.attn.k_proj.weight,87103,60353,147456,0.5907050238715278
rewa-k9-m2-wd1-lr6e-4-seed0,rewa,0,0.7,blocks.1.attn.o_proj.weight,145361,2095,147456,0.9857923719618056
rewa-k9-m2-wd1-lr6e-4-seed0,rewa,0,0.7,blocks.1.attn.q_proj.weight,86830,60626,147456,0.5888536241319444
rewa-k9-m2-wd1-lr6e-4-seed0,rewa,0,0.7,blocks.1.attn.v_proj.weight,89370,58086,147456,0.6060791015625
rewa-k9-m2-wd1-lr6e-4-seed0,rewa,0,0.7,blocks.1.mlp.down_proj.weight,377774,15442,393216,0.9607289632161459
rewa-k9-m2-wd1-lr6e-4-seed0,rewa,0,0.7,blocks.1.mlp.gate_proj.weight,231191,162025,393216,0.5879491170247396
rewa-k9-m2-wd1-lr6e-4-seed0,rewa,0,0.7,blocks.1.mlp.up_proj.weight,231438,161778,393216,0.5885772705078125
rewa-k9-m2-wd1-lr6e-4-seed0,rewa,0,0.7,blocks.2.attn.k_proj.weight,86574,60882,147456,0.5871175130208334
rewa-k9-m2-wd1-lr6e-4-seed0,rewa,0,0.7,blocks.2.attn.o_proj.weight,144591,2865,147456,0.9805704752604166
rewa-k9-m2-wd1-lr6e-4-seed0,rewa,0,0.7,blocks.2.attn.q_proj.weight,84800,62656,147456,0.5750868055555556
rewa-k9-m2-wd1-lr6e-4-seed0,rewa,0,0.7,blocks.2.attn.v_proj.weight,89356,58100,147456,0.6059841579861112
rewa-k9-m2-wd1-lr6e-4-seed0,rewa,0,0.7,blocks.2.mlp.down_proj.weight,379266,13950,393216,0.9645233154296875
rewa-k9-m2-wd1-lr6e-4-seed0,rewa,0,0.7,blocks.2.mlp.gate_proj.weight,231576,161640,393216,0.58892822265625
rewa-k9-m2-wd1-lr6e-4-seed0,rewa,0,0.7,blocks.2.mlp.up_proj.weight,232125,161091,393216,0.5903244018554688
rewa-k9-m2-wd1-lr6e-4-seed0,rewa,0,0.7,blocks.3.attn.k_proj.weight,86234,61222,147456,0.5848117404513888
rewa-k9-m2-wd1-lr6e-4-seed0,rewa,0,0.7,blocks.3.attn.o_proj.weight,142629,4827,147456,0.9672648111979166
rewa-k9-m2-wd1-lr6e-4-seed0,rewa,0,0.7,blocks.3.attn.q_proj.weight,83366,64090,147456,0.5653618706597222
rewa-k9-m2-wd1-lr6e-4-seed0,rewa,0,0.7,blocks.3.attn.v_proj.weight,88506,58950,147456,0.6002197265625
rewa-k9-m2-wd1-lr6e-4-seed0,rewa,0,0.7,blocks.3.mlp.down_proj.weight,377921,15295,393216,0.9611028035481771
rewa-k9-m2-wd1-lr6e-4-seed0,rewa,0,0.7,blocks.3.mlp.gate_proj.weight,231805,161411,393216,0.5895105997721354
rewa-k9-m2-wd1-lr6e-4-seed0,rewa,0,0.7,blocks.3.mlp.up_proj.weight,231598,161618,393216,0.5889841715494791
rewa-k9-m2-wd1-lr6e-4-seed0,rewa,0,0.7,blocks.4.attn.k_proj.weight,86250,61206,147456,0.5849202473958334
rewa-k9-m2-wd1-lr6e-4-seed0,rewa,0,0.7,blocks.4.attn.o_proj.weight,141967,5489,147456,0.9627753363715278
rewa-k9-m2-wd1-lr6e-4-seed0,rewa,0,0.7,blocks.4.attn.q_proj.weight,84541,62915,147456,0.5733303493923612
rewa-k9-m2-wd1-lr6e-4-seed0,rewa,0,0.7,blocks.4.attn.v_proj.weight,88607,58849,147456,0.6009046766493056
rewa-k9-m2-wd1-lr6e-4-seed0,rewa,0,0.7,blocks.4.mlp.down_proj.weight,374214,19002,393216,0.9516754150390625
rewa-k9-m2-wd1-lr6e-4-seed0,rewa,0,0.7,blocks.4.mlp.gate_proj.weight,230198,163018,393216,0.5854237874348959
rewa-k9-m2-wd1-lr6e-4-seed0,rewa,0,0.7,blocks.4.mlp.up_proj.weight,229940,163276,393216,0.5847676595052084
rewa-k9-m2-wd1-lr6e-4-seed0,rewa,0,0.7,blocks.5.attn.k_proj.weight,85646,61810,147456,0.5808241102430556
rewa-k9-m2-wd1-lr6e-4-seed0,rewa,0,0.7,blocks.5.attn.o_proj.weight,139779,7677,147456,0.94793701171875
rewa-k9-m2-wd1-lr6e-4-seed0,rewa,0,0.7,blocks.5.attn.q_proj.weight,83597,63859,147456,0.5669284396701388
rewa-k9-m2-wd1-lr6e-4-seed0,rewa,0,0.7,blocks.5.attn.v_proj.weight,87864,59592,147456,0.5958658854166666
rewa-k9-m2-wd1-lr6e-4-seed0,rewa,0,0.7,blocks.5.mlp.down_proj.weight,362719,30497,393216,0.9224421183268229
rewa-k9-m2-wd1-lr6e-4-seed0,rewa,0,0.7,blocks.5.mlp.gate_proj.weight,225865,167351,393216,0.5744043986002604
rewa-k9-m2-wd1-lr6e-4-seed0,rewa,0,0.7,blocks.5.mlp.up_proj.weight,226720,166496,393216,0.5765787760416666
rewa-k9-m2-wd1-lr6e-4-seed0,rewa,0,0.8,blocks.0.attn.k_proj.weight,104660,42796,147456,0.7097710503472222
rewa-k9-m2-wd1-lr6e-4-seed0,rewa,0,0.8,blocks.0.attn.o_proj.weight,147185,271,147456,0.9981621636284722
rewa-k9-m2-wd1-lr6e-4-seed0,rewa,0,0.8,blocks.0.attn.q_proj.weight,103601,43855,147456,0.7025892469618056
rewa-k9-m2-wd1-lr6e-4-seed0,rewa,0,0.8,blocks.0.attn.v_proj.weight,114022,33434,147456,0.7732611762152778
rewa-k9-m2-wd1-lr6e-4-seed0,rewa,0,0.8,blocks.0.mlp.down_proj.weight,388214,5002,393216,0.9872792561848959
rewa-k9-m2-wd1-lr6e-4-seed0,rewa,0,0.8,blocks.0.mlp.gate_proj.weight,284358,108858,393216,0.7231597900390625
rewa-k9-m2-wd1-lr6e-4-seed0,rewa,0,0.8,blocks.0.mlp.up_proj.weight,285205,108011,393216,0.7253138224283854
rewa-k9-m2-wd1-lr6e-4-seed0,rewa,0,0.8,blocks.1.attn.k_proj.weight,103596,43860,147456,0.7025553385416666
rewa-k9-m2-wd1-lr6e-4-seed0,rewa,0,0.8,blocks.1.attn.o_proj.weight,147139,317,147456,0.9978502061631944
rewa-k9-m2-wd1-lr6e-4-seed0,rewa,0,0.8,blocks.1.attn.q_proj.weight,102955,44501,147456,0.6982082790798612
rewa-k9-m2-wd1-lr6e-4-seed0,rewa,0,0.8,blocks.1.attn.v_proj.weight,114661,32795,147456,0.7775946723090278
rewa-k9-m2-wd1-lr6e-4-seed0,rewa,0,0.8,blocks.1.mlp.down_proj.weight,389432,3784,393216,0.9903767903645834
rewa-k9-m2-wd1-lr6e-4-seed0,rewa,0,0.8,blocks.1.mlp.gate_proj.weight,286022,107194,393216,0.7273915608723959
rewa-k9-m2-wd1-lr6e-4-seed0,rewa,0,0.8,blocks.1.mlp.up_proj.weight,286753,106463,393216,0.7292505900065104
rewa-k9-m2-wd1-lr6e-4-seed0,rewa,0,0.8,blocks.2.attn.k_proj.weight,102281,45175,147456,0.6936374240451388
rewa-k9-m2-wd1-lr6e-4-seed0,rewa,0,0.8,blocks.2.attn.o_proj.weight,146936,520,147456,0.9964735243055556
rewa-k9-m2-wd1-lr6e-4-seed0,rewa,0,0.8,blocks.2.attn.q_proj.weight,97867,49589,147456,0.6637030707465278
rewa-k9-m2-wd1-lr6e-4-seed0,rewa,0,0.8,blocks.2.attn.v_proj.weight,114825,32631,147456,0.7787068684895834
rewa-k9-m2-wd1-lr6e-4-seed0,rewa,0,0.8,blocks.2.mlp.down_proj.weight,390007,3209,393216,0.9918390909830729
rewa-k9-m2-wd1-lr6e-4-seed0,rewa,0,0.8,blocks.2.mlp.gate_proj.weight,287123,106093,393216,0.7301915486653646
rewa-k9-m2-wd1-lr6e-4-seed0,rewa,0,0.8,blocks.2.mlp.up_proj.weight,287176,106040,393216,0.7303263346354166
rewa-k9-m2-wd1-lr6e-4-seed0,rewa,0,0.8,blocks.3.attn.k_proj.weight,101591,45865,147456,0.6889580620659722
rewa-k9-m2-wd1-lr6e-4-seed0,rewa,0,0.8,blocks.3.attn.o_proj.weight,146125,1331,147456,0.9909735785590278
rewa-k9-m2-wd1-lr6e-4-seed0,rewa,0,0.8,blocks.3.attn.q_proj.weight,94173,53283,147456,0.6386515299479166
rewa-k9-m2-wd1-lr6e-4-seed0,rewa,0,0.8,blocks.3.attn.v_proj.weight,113399,34057,147456,0.7690361870659722
rewa-k9-m2-wd1-lr6e-4-seed0,rewa,0,0.8,blocks.3.mlp.down_proj.weight,389543,3673,393216,0.9906590779622396
rewa-k9-m2-wd1-lr6e-4-seed0,rewa,0,0.8,blocks.3.mlp.gate_proj.weight,286009,107207,393216,0.7273585001627604
rewa-k9-m2-wd1-lr6e-4-seed0,rewa,0,0.8,blocks.3.mlp.up_proj.weight,286181,107035,393216,0.7277959187825521
rewa-k9-m2-wd1-lr6e-4-seed0,rewa,0,0.8,blocks.4.attn.k_proj.weight,101958,45498,147456,0.6914469401041666
rewa-k9-m2-wd1-lr6e-4-seed0,rewa,0,0.8,blocks.4.attn.o_proj.weight,145997,1459,147456,0.9901055230034722
rewa-k9-m2-wd1-lr6e-4-seed0,rewa,0,0.8,blocks.4.attn.q_proj.weight,97069,50387,147456,0.6582912868923612
rewa-k9-m2-wd1-lr6e-4-seed0,rewa,0,0.8,blocks.4.attn.v_proj.weight,113008,34448,147456,0.7663845486111112
rewa-k9-m2-wd1-lr6e-4-seed0,rewa,0,0.8,blocks.4.mlp.down_proj.weight,387768,5448,393216,0.98614501953125
rewa-k9-m2-wd1-lr6e-4-seed0,rewa,0,0.8,blocks.4.mlp.gate_proj.weight,282576,110640,393216,0.7186279296875
rewa-k9-m2-wd1-lr6e-4-seed0,rewa,0,0.8,blocks.4.mlp.up_proj.weight,283653,109563,393216,0.7213668823242188
rewa-k9-m2-wd1-lr6e-4-seed0,rewa,0,0.8,blocks.5.attn.k_proj.weight,100369,47087,147456,0.6806708441840278
rewa-k9-m2-wd1-lr6e-4-seed0,rewa,0,0.8,blocks.5.attn.o_proj.weight,144995,2461,147456,0.9833102756076388
rewa-k9-m2-wd1-lr6e-4-seed0,rewa,0,0.8,blocks.5.attn.q_proj.weight,95460,51996,147456,0.6473795572916666
rewa-k9-m2-wd1-lr6e-4-seed0,rewa,0,0.8,blocks.5.attn.v_proj.weight,111751,35705,147456,0.7578599717881944
rewa-k9-m2-wd1-lr6e-4-seed0,rewa,0,0.8,blocks.5.mlp.down_proj.weight,381616,11600,393216,0.9704996744791666
rewa-k9-m2-wd1-lr6e-4-seed0,rewa,0,0.8,blocks.5.mlp.gate_proj.weight,272038,121178,393216,0.6918284098307291
rewa-k9-m2-wd1-lr6e-4-seed0,rewa,0,0.8,blocks.5.mlp.up_proj.weight,274169,119047,393216,0.6972478230794271
rewa-k9-m2-wd1-lr6e-4-seed0,rewa,0,0.9,blocks.0.attn.k_proj.weight,123805,23651,147456,0.8396063910590278
rewa-k9-m2-wd1-lr6e-4-seed0,rewa,0,0.9,blocks.0.attn.o_proj.weight,147441,15,147456,0.9998982747395834
rewa-k9-m2-wd1-lr6e-4-seed0,rewa,0,0.9,blocks.0.attn.q_proj.weight,122309,25147,147456,0.8294609917534722
rewa-k9-m2-wd1-lr6e-4-seed0,rewa,0,0.9,blocks.0.attn.v_proj.weight,137520,9936,147456,0.9326171875
rewa-k9-m2-wd1-lr6e-4-seed0,rewa,0,0.9,blocks.0.mlp.down_proj.weight,392591,625,393216,0.9984105428059896
rewa-k9-m2-wd1-lr6e-4-seed0,rewa,0,0.9,blocks.0.mlp.gate_proj.weight,341737,51479,393216,0.8690821329752604
rewa-k9-m2-wd1-lr6e-4-seed0,rewa,0,0.9,blocks.0.mlp.up_proj.weight,343203,50013,393216,0.8728103637695312
rewa-k9-m2-wd1-lr6e-4-seed0,rewa,0,0.9,blocks.1.attn.k_proj.weight,122328,25128,147456,0.82958984375
rewa-k9-m2-wd1-lr6e-4-seed0,rewa,0,0.9,blocks.1.attn.o_proj.weight,147424,32,147456,0.9997829861111112
rewa-k9-m2-wd1-lr6e-4-seed0,rewa,0,0.9,blocks.1.attn.q_proj.weight,121750,25706,147456,0.8256700303819444
rewa-k9-m2-wd1-lr6e-4-seed0,rewa,0,0.9,blocks.1.attn.v_proj.weight,138256,9200,147456,0.9376085069444444
rewa-k9-m2-wd1-lr6e-4-seed0,rewa,0,0.9,blocks.1.mlp.down_proj.weight,392845,371,393216,0.9990564982096354
rewa-k9-m2-wd1-lr6e-4-seed0,rewa,0,0.9,blocks.1.mlp.gate_proj.weight,343677,49539,393216,0.8740158081054688
rewa-k9-m2-wd1-lr6e-4-seed0,rewa,0,0.9,blocks.1.mlp.up_proj.weight,344675,48541,393216,0.8765538533528646
rewa-k9-m2-wd1-lr6e-4-seed0,rewa,0,0.9,blocks.2.attn.k_proj.weight,120484,26972,147456,0.8170844184027778
rewa-k9-m2-wd1-lr6e-4-seed0,rewa,0,0.9,blocks.2.attn.o_proj.weight,147406,50,147456,0.9996609157986112
rewa-k9-m2-wd1-lr6e-4-seed0,rewa,0,0.9,blocks.2.attn.q_proj.weight,113634,33822,147456,0.7706298828125
rewa-k9-m2-wd1-lr6e-4-seed0,rewa,0,0.9,blocks.2.attn.v_proj.weight,138629,8827,147456,0.9401380750868056
rewa-k9-m2-wd1-lr6e-4-seed0,rewa,0,0.9,blocks.2.mlp.down_proj.weight,392947,269,393216,0.9993158976236979
rewa-k9-m2-wd1-lr6e-4-seed0,rewa,0,0.9,blocks.2.mlp.gate_proj.weight,345089,48127,393216,0.8776067097981771
rewa-k9-m2-wd1-lr6e-4-seed0,rewa,0,0.9,blocks.2.mlp.up_proj.weight,344512,48704,393216,0.8761393229166666
rewa-k9-m2-wd1-lr6e-4-seed0,rewa,0,0.9,blocks.3.attn.k_proj.weight,119347,28109,147456,0.8093736436631944
rewa-k9-m2-wd1-lr6e-4-seed0,rewa,0,0.9,blocks.3.attn.o_proj.weight,147294,162,147456,0.9989013671875
rewa-k9-m2-wd1-lr6e-4-seed0,rewa,0,0.9,blocks.3.attn.q_proj.weight,108163,39293,147456,0.7335272894965278
rewa-k9-m2-wd1-lr6e-4-seed0,rewa,0,0.9,blocks.3.attn.v_proj.weight,137261,10195,147456,0.9308607313368056
rewa-k9-m2-wd1-lr6e-4-seed0,rewa,0,0.9,blocks.3.mlp.down_proj.weight,392884,332,393216,0.9991556803385416
rewa-k9-m2-wd1-lr6e-4-seed0,rewa,0,0.9,blocks.3.mlp.gate_proj.weight,343151,50065,393216,0.8726781209309896
rewa-k9-m2-wd1-lr6e-4-seed0,rewa,0,0.9,blocks.3.mlp.up_proj.weight,343266,49950,393216,0.8729705810546875
rewa-k9-m2-wd1-lr6e-4-seed0,rewa,0,0.9,blocks.4.attn.k_proj.weight,120111,27345,147456,0.8145548502604166
rewa-k9-m2-wd1-lr6e-4-seed0,rewa,0,0.9,blocks.4.attn.o_proj.weight,147277,179,147456,0.9987860785590278
rewa-k9-m2-wd1-lr6e-4-seed0,rewa,0,0.9,blocks.4.attn.q_proj.weight,112816,34640,147456,0.7650824652777778
rewa-k9-m2-wd1-lr6e-4-seed0,rewa,0,0.9,blocks.4.attn.v_proj.weight,136627,10829,147456,0.9265611436631944
rewa-k9-m2-wd1-lr6e-4-seed0,rewa,0,0.9,blocks.4.mlp.down_proj.weight,392553,663,393216,0.9983139038085938
rewa-k9-m2-wd1-lr6e-4-seed0,rewa,0,0.9,blocks.4.mlp.gate_proj.weight,338271,54945,393216,0.8602676391601562
rewa-k9-m2-wd1-lr6e-4-seed0,rewa,0,0.9,blocks.4.mlp.up_proj.weight,340573,52643,393216,0.8661219278971354
rewa-k9-m2-wd1-lr6e-4-seed0,rewa,0,0.9,blocks.5.attn.k_proj.weight,117452,30004,147456,0.7965223524305556
rewa-k9-m2-wd1-lr6e-4-seed0,rewa,0,0.9,blocks.5.attn.o_proj.weight,147084,372,147456,0.9974772135416666
rewa-k9-m2-wd1-lr6e-4-seed0,rewa,0,0.9,blocks.5.attn.q_proj.weight,110295,37161,147456,0.74798583984375
rewa-k9-m2-wd1-lr6e-4-seed0,rewa,0,0.9,blocks.5.attn.v_proj.weight,135177,12279,147456,0.9167277018229166
rewa-k9-m2-wd1-lr6e-4-seed0,rewa,0,0.9,blocks.5.mlp.down_proj.weight,391086,2130,393216,0.9945831298828125
rewa-k9-m2-wd1-lr6e-4-seed0,rewa,0,0.9,blocks.5.mlp.gate_proj.weight,324568,68648,393216,0.8254191080729166
rewa-k9-m2-wd1-lr6e-4-seed0,rewa,0,0.9,blocks.5.mlp.up_proj.weight,327631,65585,393216,0.8332087198893229
rewa-k9-m2-wd1-lr6e-4-seed0,rewa,0,0.95,blocks.0.attn.k_proj.weight,135204,12252,147456,0.9169108072916666
rewa-k9-m2-wd1-lr6e-4-seed0,rewa,0,0.95,blocks.0.attn.o_proj.weight,147454,2,147456,0.9999864366319444
rewa-k9-m2-wd1-lr6e-4-seed0,rewa,0,0.95,blocks.0.attn.q_proj.weight,133280,14176,147456,0.9038628472222222
rewa-k9-m2-wd1-lr6e-4-seed0,rewa,0,0.95,blocks.0.attn.v_proj.weight,145152,2304,147456,0.984375
rewa-k9-m2-wd1-lr6e-4-seed0,rewa,0,0.95,blocks.0.mlp.down_proj.weight,393160,56,393216,0.9998575846354166
rewa-k9-m2-wd1-lr6e-4-seed0,rewa,0,0.95,blocks.0.mlp.gate_proj.weight,370770,22446,393216,0.9429168701171875
rewa-k9-m2-wd1-lr6e-4-seed0,rewa,0,0.95,blocks.0.mlp.up_proj.weight,371988,21228,393216,0.946014404296875
rewa-k9-m2-wd1-lr6e-4-seed0,rewa,0,0.95,blocks.1.attn.k_proj.weight,133418,14038,147456,0.9047987196180556
rewa-k9-m2-wd1-lr6e-4-seed0,rewa,0,0.95,blocks.1.attn.o_proj.weight,147453,3,147456,0.9999796549479166
rewa-k9-m2-wd1-lr6e-4-seed0,rewa,0,0.95,blocks.1.attn.q_proj.weight,132970,14486,147456,0.9017605251736112
rewa-k9-m2-wd1-lr6e-4-seed0,rewa,0,0.95,blocks.1.attn.v_proj.weight,145450,2006,147456,0.9863959418402778
rewa-k9-m2-wd1-lr6e-4-seed0,rewa,0,0.95,blocks.1.mlp.down_proj.weight,393184,32,393216,0.9999186197916666
rewa-k9-m2-wd1-lr6e-4-seed0,rewa,0,0.95,blocks.1.mlp.gate_proj.weight,371978,21238,393216,0.9459889729817709
rewa-k9-m2-wd1-lr6e-4-seed0,rewa,0,0.95,blocks.1.mlp.up_proj.weight,372814,20402,393216,0.9481150309244791
rewa-k9-m2-wd1-lr6e-4-seed0,rewa,0,0.95,blocks.2.attn.k_proj.weight,131665,15791,147456,0.8929104275173612
rewa-k9-m2-wd1-lr6e-4-seed0,rewa,0,0.95,blocks.2.attn.o_proj.weight,147453,3,147456,0.9999796549479166
rewa-k9-m2-wd1-lr6e-4-seed0,rewa,0,0.95,blocks.2.attn.q_proj.weight,124556,22900,147456,0.8446994357638888
rewa-k9-m2-wd1-lr6e-4-seed0,rewa,0,0.95,blocks.2.attn.v_proj.weight,145736,1720,147456,0.9883355034722222
rewa-k9-m2-wd1-lr6e-4-seed0,rewa,0,0.95,blocks.2.mlp.down_proj.weight,393193,23,393216,0.9999415079752604
rewa-k9-m2-wd1-lr6e-4-seed0,rewa,0,0.95,blocks.2.mlp.gate_proj.weight,373013,20203,393216,0.9486211140950521
rewa-k9-m2-wd1-lr6e-4-seed0,rewa,0,0.95,blocks.2.mlp.up_proj.weight,372549,20667,393216,0.9474411010742188
rewa-k9-m2-wd1-lr6e-4-seed0,rewa,0,0.95,blocks.3.attn.k_proj.weight,130422,17034,147456,0.8844807942708334
rewa-k9-m2-wd1-lr6e-4-seed0,rewa,0,0.95,blocks.3.attn.o_proj.weight,147442,14,147456,0.9999050564236112
rewa-k9-m2-wd1-lr6e-4-seed0,rewa,0,0.95,blocks.3.attn.q_proj.weight,119018,28438,147456,0.8071424696180556
rewa-k9-m2-wd1-lr6e-4-seed0,rewa,0,0.95,blocks.3.attn.v_proj.weight,144888,2568,147456,0.9825846354166666
rewa-k9-m2-wd1-lr6e-4-seed0,rewa,0,0.95,blocks.3.mlp.down_proj.weight,393187,29,393216,0.9999262491861979
rewa-k9-m2-wd1-lr6e-4-seed0,rewa,0,0.95,blocks.3.mlp.gate_proj.weight,371518,21698,393216,0.9448191324869791
rewa-k9-m2-wd1-lr6e-4-seed0,rewa,0,0.95,blocks.3.mlp.up_proj.weight,371686,21530,393216,0.9452463785807291
rewa-k9-m2-wd1-lr6e-4-seed0,rewa,0,0.95,blocks.4.attn.k_proj.weight,131010,16446,147456,0.8884684244791666
rewa-k9-m2-wd1-lr6e-4-seed0,rewa,0,0.95,blocks.4.attn.o_proj.weight,147442,14,147456,0.9999050564236112
rewa-k9-m2-wd1-lr6e-4-seed0,rewa,0,0.95,blocks.4.attn.q_proj.weight,123641,23815,147456,0.8384941948784722
rewa-k9-m2-wd1-lr6e-4-seed0,rewa,0,0.95,blocks.4.attn.v_proj.weight,144612,2844,147456,0.980712890625
rewa-k9-m2-wd1-lr6e-4-seed0,rewa,0,0.95,blocks.4.mlp.down_proj.weight,393132,84,393216,0.999786376953125
rewa-k9-m2-wd1-lr6e-4-seed0,rewa,0,0.95,blocks.4.mlp.gate_proj.weight,367692,25524,393216,0.935089111328125
rewa-k9-m2-wd1-lr6e-4-seed0,rewa,0,0.95,blocks.4.mlp.up_proj.weight,369262,23954,393216,0.9390818277994791
rewa-k9-m2-wd1-lr6e-4-seed0,rewa,0,0.95,blocks.5.attn.k_proj.weight,128443,19013,147456,0.8710598415798612
rewa-k9-m2-wd1-lr6e-4-seed0,rewa,0,0.95,blocks.5.attn.o_proj.weight,147410,46,147456,0.9996880425347222
rewa-k9-m2-wd1-lr6e-4-seed0,rewa,0,0.95,blocks.5.attn.q_proj.weight,121108,26348,147456,0.8213161892361112
rewa-k9-m2-wd1-lr6e-4-seed0,rewa,0,0.95,blocks.5.attn.v_proj.weight,143787,3669,147456,0.9751180013020834
rewa-k9-m2-wd1-lr6e-4-seed0,rewa,0,0.95,blocks.5.mlp.down_proj.weight,392903,313,393216,0.9992039998372396
rewa-k9-m2-wd1-lr6e-4-seed0,rewa,0,0.95,blocks.5.mlp.gate_proj.weight,356145,37071,393216,0.9057235717773438
rewa-k9-m2-wd1-lr6e-4-seed0,rewa,0,0.95,blocks.5.mlp.up_proj.weight,358802,34414,393216,0.9124806722005209
rewa-k9-m2-wd1e-4-lr6e-4-seed0,rewa,0,0.0,blocks.0.attn.k_proj.weight,0,147456,147456,0.0
rewa-k9-m2-wd1e-4-lr6e-4-seed0,rewa,0,0.0,blocks.0.attn.o_proj.weight,0,147456,147456,0.0
rewa-k9-m2-wd1e-4-lr6e-4-seed0,rewa,0,0.0,blocks.0.attn.q_proj.weight,0,147456,147456,0.0
rewa-k9-m2-wd1e-4-lr6e-4-seed0,rewa,0,0.0,blocks.0.attn.v_proj.weight,0,147456,147456,0.0
rewa-k9-m2-wd1e-4-lr6e-4-seed0,rewa,0,0.0,blocks.0.mlp.down_proj.weight,0,393216,393216,0.0
rewa-k9-m2-wd1e-4-lr6e-4-seed0,rewa,0,0.0,blocks.0.mlp.gate_proj.weight,0,393216,393216,0.0
rewa-k9-m2-wd1e-4-lr6e-4-seed0,rewa,0,0.0,blocks.0.mlp.up_proj.weight,0,393216,393216,0.0
rewa-k9-m2-wd1e-4-lr6e-4-seed0,rewa,0,0.0,blocks.1.attn.k_proj.weight,0,147456,147456,0.0
rewa-k9-m2-wd1e-4-lr6e-4-seed0,rewa,0,0.0,blocks.1.attn.o_proj.weight,0,147456,147456,0.0
rewa-k9-m2-wd1e-4-lr6e-4-seed0,rewa,0,0.0,blocks.1.attn.q_proj.weight,0,147456,147456,0.0
rewa-k9-m2-wd1e-4-lr6e-4-seed0,rewa,0,0.0,blocks.1.attn.v_proj.weight,0,147456,147456,0.0
rewa-k9-m2-wd1e-4-lr6e-4-seed0,rewa,0,0.0,blocks.1.mlp.down_proj.weight,0,393216,393216,0.0
rewa-k9-m2-wd1e-4-lr6e-4-seed0,rewa,0,0.0,blocks.1.mlp.gate_proj.weight,0,393216,393216,0.0
rewa-k9-m2-wd1e-4-lr6e-4-seed0,rewa,0,0.0,blocks.1.mlp.up_proj.weight,0,393216,393216,0.0
rewa-k9-m2-wd1e-4-lr6e-4-seed0,rewa,0,0.0,blocks.2.attn.k_proj.weight,0,147456,147456,0.0
rewa-k9-m2-wd1e-4-lr6e-4-seed0,rewa,0,0.0,blocks.2.attn.o_proj.weight,0,147456,147456,0.0
rewa-k9-m2-wd1e-4-lr6e-4-seed0,rewa,0,0.0,blocks.2.attn.q_proj.weight,0,147456,147456,0.0
rewa-k9-m2-wd1e-4-lr6e-4-seed0,rewa,0,0.0,blocks.2.attn.v_proj.weight,0,147456,147456,0.0
rewa-k9-m2-wd1e-4-lr6e-4-seed0,rewa,0,0.0,blocks.2.mlp.down_proj.weight,0,393216,393216,0.0
rewa-k9-m2-wd1e-4-lr6e-4-seed0,rewa,0,0.0,blocks.2.mlp.gate_proj.weight,0,393216,393216,0.0
rewa-k9-m2-wd1e-4-lr6e-4-seed0,rewa,0,0.0,blocks.2.mlp.up_proj.weight,0,393216,393216,0.0
rewa-k9-m2-wd1e-4-lr6e-4-seed0,rewa,0,0.0,blocks.3.attn.k_proj.weight,0,147456,147456,0.0
rewa-k9-m2-wd1e-4-lr6e-4-seed0,rewa,0,0.0,blocks.3.attn.o_proj.weight,0,147456,147456,0.0
rewa-k9-m2-wd1e-4-lr6e-4-seed0,rewa,0,0.0,blocks.3.attn.q_proj.weight,0,147456,147456,0.0
rewa-k9-m2-wd1e-4-lr6e-4-seed0,rewa,0,0.0,blocks.3.attn.v_proj.weight,0,147456,147456,0.0
rewa-k9-m2-wd1e-4-lr6e-4-seed0,rewa,0,0.0,blocks.3.mlp.down_proj.weight,0,393216,393216,0.0
rewa-k9-m2-wd1e-4-lr6e-4-seed0,rewa,0,0.0,blocks.3.mlp.gate_proj.weight,0,393216,393216,0.0
rewa-k9-m2-wd1e-4-lr6e-4-seed0,rewa,0,0.0,blocks.3.mlp.up_proj.weight,0,393216,393216,0.0
rewa-k9-m2-wd1e-4-lr6e-4-seed0,rewa,0,0.0,blocks.4.attn.k_proj.weight,0,147456,147456,0.0
rewa-k9-m2-wd1e-4-lr6e-4-seed0,rewa,0,0.0,blocks.4.attn.o_proj.weight,0,147456,147456,0.0
rewa-k9-m2-wd1e-4-lr6e-4-seed0,rewa,0,0.0,blocks.4.attn.q_proj.weight,0,147456,147456,0.0
rewa-k9-m2-wd1e-4-lr6e-4-seed0,rewa,0,0.0,blocks.4.attn.v_proj.weight,0,147456,147456,0.0
rewa-k9-m2-wd1e-4-lr6e-4-seed0,rewa,0,0.0,blocks.4.mlp.down_proj.weight,0,393216,393216,0.0
rewa-k9-m2-wd1e-4-lr6e-4-seed0,rewa,0,0.0,blocks.4.mlp.gate_proj.weight,0,393216,393216,0.0
rewa-k9-m2-wd1e-4-lr6e-4-seed0,rewa,0,0.0,blocks.4.mlp.up_proj.weight,0,393216,393216,0.0
rewa-k9-m2-wd1e-4-lr6e-4-seed0,rewa,0,0.0,blocks.5.attn.k_proj.weight,0,147456,147456,0.0
rewa-k9-m2-wd1e-4-lr6e-4-seed0,rewa,0,0.0,blocks.5.attn.o_proj.weight,0,147456,147456,0.0
rewa-k9-m2-wd1e-4-lr6e-4-seed0,rewa,0,0.0,blocks.5.attn.q_proj.weight,0,147456,147456,0.0
rewa-k9-m2-wd1e-4-lr6e-4-seed0,rewa,0,0.0,blocks.5.attn.v_proj.weight,0,147456,147456,0.0
rewa-k9-m2-wd1e-4-lr6e-4-seed0,rewa,0,0.0,blocks.5.mlp.down_proj.weight,0,393216,393216,0.0
rewa-k9-m2-wd1e-4-lr6e-4-seed0,rewa,0,0.0,blocks.5.mlp.gate_proj.weight,0,393216,393216,0.0
rewa-k9-m2-wd1e-4-lr6e-4-seed0,rewa,0,0.0,blocks.5.mlp.up_proj.weight,0,393216,393216,0.0
rewa-k9-m2-wd1e-4-lr6e-4-seed0,rewa,0,0.3,blocks.0.attn.k_proj.weight,27551,119905,147456,0.18684217664930555
rewa-k9-m2-wd1e-4-lr6e-4-seed0,rewa,0,0.3,blocks.0.attn.o_proj.weight,85106,62350,147456,0.5771620008680556
rewa-k9-m2-wd1e-4-lr6e-4-seed0,rewa,0,0.3,blocks.0.attn.q_proj.weight,27560,119896,147456,0.18690321180555555
rewa-k9-m2-wd1e-4-lr6e-4-seed0,rewa,0,0.3,blocks.0.attn.v_proj.weight,26359,121097,147456,0.17875840928819445
rewa-k9-m2-wd1e-4-lr6e-4-seed0,rewa,0,0.3,blocks.0.mlp.down_proj.weight,220249,172967,393216,0.5601221720377604
rewa-k9-m2-wd1e-4-lr6e-4-seed0,rewa,0,0.3,blocks.0.mlp.gate_proj.weight,71044,322172,393216,0.18067423502604166
rewa-k9-m2-wd1e-4-lr6e-4-seed0,rewa,0,0.3,blocks.0.mlp.up_proj.weight,71103,322113,393216,0.18082427978515625
rewa-k9-m2-wd1e-4-lr6e-4-seed0,rewa,0,0.3,blocks.1.attn.k_proj.weight,28131,119325,147456,0.19077555338541666
rewa-k9-m2-wd1e-4-lr6e-4-seed0,rewa,0,0.3,blocks.1.attn.o_proj.weight,84536,62920,147456,0.5732964409722222
rewa-k9-m2-wd1e-4-lr6e-4-seed0,rewa,0,0.3,blocks.1.attn.q_proj.weight,28303,119153,147456,0.19194200303819445
rewa-k9-m2-wd1e-4-lr6e-4-seed0,rewa,0,0.3,blocks.1.attn.v_proj.weight,26380,121076,147456,0.1789008246527778
rewa-k9-m2-wd1e-4-lr6e-4-seed0,rewa,0,0.3,blocks.1.mlp.down_proj.weight,220542,172674,393216,0.5608673095703125
rewa-k9-m2-wd1e-4-lr6e-4-seed0,rewa,0,0.3,blocks.1.mlp.gate_proj.weight,70735,322481,393216,0.1798884073893229
rewa-k9-m2-wd1e-4-lr6e-4-seed0,rewa,0,0.3,blocks.1.mlp.up_proj.weight,70897,322319,393216,0.1803003946940104
rewa-k9-m2-wd1e-4-lr6e-4-seed0,rewa,0,0.3,blocks.2.attn.k_proj.weight,28344,119112,147456,0.19222005208333334
rewa-k9-m2-wd1e-4-lr6e-4-seed0,rewa,0,0.3,blocks.2.attn.o_proj.weight,83637,63819,147456,0.56719970703125
rewa-k9-m2-wd1e-4-lr6e-4-seed0,rewa,0,0.3,blocks.2.attn.q_proj.weight,28838,118618,147456,0.19557020399305555
rewa-k9-m2-wd1e-4-lr6e-4-seed0,rewa,0,0.3,blocks.2.attn.v_proj.weight,26532,120924,147456,0.179931640625
rewa-k9-m2-wd1e-4-lr6e-4-seed0,rewa,0,0.3,blocks.2.mlp.down_proj.weight,220959,172257,393216,0.5619277954101562
rewa-k9-m2-wd1e-4-lr6e-4-seed0,rewa,0,0.3,blocks.2.mlp.gate_proj.weight,70619,322597,393216,0.1795934041341146
rewa-k9-m2-wd1e-4-lr6e-4-seed0,rewa,0,0.3,blocks.2.mlp.up_proj.weight,70871,322345,393216,0.1802342732747396
rewa-k9-m2-wd1e-4-lr6e-4-seed0,rewa,0,0.3,blocks.3.attn.k_proj.weight,28250,119206,147456,0.1915825737847222
rewa-k9-m2-wd1e-4-lr6e-4-seed0,rewa,0,0.3,blocks.3.attn.o_proj.weight,83488,63968,147456,0.5661892361111112
rewa-k9-m2-wd1e-4-lr6e-4-seed0,rewa,0,0.3,blocks.3.attn.q_proj.weight,29061,118395,147456,0.19708251953125
rewa-k9-m2-wd1e-4-lr6e-4-seed0,rewa,0,0.3,blocks.3.attn.v_proj.weight,26752,120704,147456,0.1814236111111111
rewa-k9-m2-wd1e-4-lr6e-4-seed0,rewa,0,0.3,blocks.3.mlp.down_proj.weight,220335,172881,393216,0.5603408813476562
rewa-k9-m2-wd1e-4-lr6e-4-seed0,rewa,0,0.3,blocks.3.mlp.gate_proj.weight,71408,321808,393216,0.18159993489583334
rewa-k9-m2-wd1e-4-lr6e-4-seed0,rewa,0,0.3,blocks.3.mlp.up_proj.weight,71115,322101,393216,0.18085479736328125
rewa-k9-m2-wd1e-4-lr6e-4-seed0,rewa,0,0.3,blocks.4.attn.k_proj.weight,27991,119465,147456,0.1898261176215278
rewa-k9-m2-wd1e-4-lr6e-4-seed0,rewa,0,0.3,blocks.4.attn.o_proj.weight,83541,63915,147456,0.5665486653645834
rewa-k9-m2-wd1e-4-lr6e-4-seed0,rewa,0,0.3,blocks.4.attn.q_proj.weight,29176,118280,147456,0.19786241319444445
rewa-k9-m2-wd1e-4-lr6e-4-seed0,rewa,0,0.3,blocks.4.attn.v_proj.weight,26727,120729,147456,0.18125406901041666
rewa-k9-m2-wd1e-4-lr6e-4-seed0,rewa,0,0.3,blocks.4.mlp.down_proj.weight,220811,172405,393216,0.5615514119466146
rewa-k9-m2-wd1e-4-lr6e-4-seed0,rewa,0,0.3,blocks.4.mlp.gate_proj.weight,71757,321459,393216,0.18248748779296875
rewa-k9-m2-wd1e-4-lr6e-4-seed0,rewa,0,0.3,blocks.4.mlp.up_proj.weight,71457,321759,393216,0.18172454833984375
rewa-k9-m2-wd1e-4-lr6e-4-seed0,rewa,0,0.3,blocks.5.attn.k_proj.weight,28631,118825,147456,0.19416639539930555
rewa-k9-m2-wd1e-4-lr6e-4-seed0,rewa,0,0.3,blocks.5.attn.o_proj.weight,83605,63851,147456,0.5669826931423612
rewa-k9-m2-wd1e-4-lr6e-4-seed0,rewa,0,0.3,blocks.5.attn.q_proj.weight,29893,117563,147456,0.2027248806423611
rewa-k9-m2-wd1e-4-lr6e-4-seed0,rewa,0,0.3,blocks.5.attn.v_proj.weight,26222,121234,147456,0.1778293185763889
rewa-k9-m2-wd1e-4-lr6e-4-seed0,rewa,0,0.3,blocks.5.mlp.down_proj.weight,220799,172417,393216,0.5615208943684896
rewa-k9-m2-wd1e-4-lr6e-4-seed0,rewa,0,0.3,blocks.5.mlp.gate_proj.weight,72776,320440,393216,0.18507893880208334
rewa-k9-m2-wd1e-4-lr6e-4-seed0,rewa,0,0.3,blocks.5.mlp.up_proj.weight,72959,320257,393216,0.1855443318684896
rewa-k9-m2-wd1e-4-lr6e-4-seed0,rewa,0,0.5,blocks.0.attn.k_proj.weight,51274,96182,147456,0.3477240668402778
rewa-k9-m2-wd1e-4-lr6e-4-seed0,rewa,0,0.5,blocks.0.attn.o_proj.weight,130174,17282,147456,0.8827989366319444
rewa-k9-m2-wd1e-4-lr6e-4-seed0,rewa,0,0.5,blocks.0.attn.q_proj.weight,51292,96164,147456,0.3478461371527778
rewa-k9-m2-wd1e-4-lr6e-4-seed0,rewa,0,0.5,blocks.0.attn.v_proj.weight,50198,97258,147456,0.3404269748263889
rewa-k9-m2-wd1e-4-lr6e-4-seed0,rewa,0,0.5,blocks.0.mlp.down_proj.weight,333812,59404,393216,0.8489278157552084
rewa-k9-m2-wd1e-4-lr6e-4-seed0,rewa,0,0.5,blocks.0.mlp.gate_proj.weight,134095,259121,393216,0.34102121988932294
rewa-k9-m2-wd1e-4-lr6e-4-seed0,rewa,0,0.5,blocks.0.mlp.up_proj.weight,133654,259562,393216,0.3398996988932292
rewa-k9-m2-wd1e-4-lr6e-4-seed0,rewa,0,0.5,blocks.1.attn.k_proj.weight,52095,95361,147456,0.3532918294270833
rewa-k9-m2-wd1e-4-lr6e-4-seed0,rewa,0,0.5,blocks.1.attn.o_proj.weight,129342,18114,147456,0.8771565755208334
rewa-k9-m2-wd1e-4-lr6e-4-seed0,rewa,0,0.5,blocks.1.attn.q_proj.weight,52164,95292,147456,0.353759765625
rewa-k9-m2-wd1e-4-lr6e-4-seed0,rewa,0,0.5,blocks.1.attn.v_proj.weight,50255,97201,147456,0.3408135308159722
rewa-k9-m2-wd1e-4-lr6e-4-seed0,rewa,0,0.5,blocks.1.mlp.down_proj.weight,334823,58393,393216,0.8514989217122396
rewa-k9-m2-wd1e-4-lr6e-4-seed0,rewa,0,0.5,blocks.1.mlp.gate_proj.weight,133696,259520,393216,0.3400065104166667
rewa-k9-m2-wd1e-4-lr6e-4-seed0,rewa,0,0.5,blocks.1.mlp.up_proj.weight,134271,258945,393216,0.34146881103515625
rewa-k9-m2-wd1e-4-lr6e-4-seed0,rewa,0,0.5,blocks.2.attn.k_proj.weight,52008,95448,147456,0.3527018229166667
rewa-k9-m2-wd1e-4-lr6e-4-seed0,rewa,0,0.5,blocks.2.attn.o_proj.weight,127976,19480,147456,0.8678927951388888
rewa-k9-m2-wd1e-4-lr6e-4-seed0,rewa,0,0.5,blocks.2.attn.q_proj.weight,52857,94599,147456,0.35845947265625
rewa-k9-m2-wd1e-4-lr6e-4-seed0,rewa,0,0.5,blocks.2.attn.v_proj.weight,50146,97310,147456,0.3400743272569444
rewa-k9-m2-wd1e-4-lr6e-4-seed0,rewa,0,0.5,blocks.2.mlp.down_proj.weight,334863,58353,393216,0.8516006469726562
rewa-k9-m2-wd1e-4-lr6e-4-seed0,rewa,0,0.5,blocks.2.mlp.gate_proj.weight,133540,259676,393216,0.3396097819010417
rewa-k9-m2-wd1e-4-lr6e-4-seed0,rewa,0,0.5,blocks.2.mlp.up_proj.weight,133874,259342,393216,0.3404591878255208
rewa-k9-m2-wd1e-4-lr6e-4-seed0,rewa,0,0.5,blocks.3.attn.k_proj.weight,52099,95357,147456,0.3533189561631944
rewa-k9-m2-wd1e-4-lr6e-4-seed0,rewa,0,0.5,blocks.3.attn.o_proj.weight,127577,19879,147456,0.8651869032118056
rewa-k9-m2-wd1e-4-lr6e-4-seed0,rewa,0,0.5,blocks.3.attn.q_proj.weight,52987,94469,147456,0.3593410915798611
rewa-k9-m2-wd1e-4-lr6e-4-seed0,rewa,0,0.5,blocks.3.attn.v_proj.weight,50538,96918,147456,0.3427327473958333
rewa-k9-m2-wd1e-4-lr6e-4-seed0,rewa,0,0.5,blocks.3.mlp.down_proj.weight,333881,59335,393216,0.8491032918294271
rewa-k9-m2-wd1e-4-lr6e-4-seed0,rewa,0,0.5,blocks.3.mlp.gate_proj.weight,134534,258682,393216,0.3421376546223958
rewa-k9-m2-wd1e-4-lr6e-4-seed0,rewa,0,0.5,blocks.3.mlp.up_proj.weight,133872,259344,393216,0.3404541015625
rewa-k9-m2-wd1e-4-lr6e-4-seed0,rewa,0,0.5,blocks.4.attn.k_proj.weight,51942,95514,147456,0.3522542317708333
rewa-k9-m2-wd1e-4-lr6e-4-seed0,rewa,0,0.5,blocks.4.attn.o_proj.weight,127058,20398,147456,0.8616672092013888
rewa-k9-m2-wd1e-4-lr6e-4-seed0,rewa,0,0.5,blocks.4.attn.q_proj.weight,52899,94557,147456,0.3587443033854167
rewa-k9-m2-wd1e-4-lr6e-4-seed0,rewa,0,0.5,blocks.4.attn.v_proj.weight,50345,97111,147456,0.3414238823784722
rewa-k9-m2-wd1e-4-lr6e-4-seed0,rewa,0,0.5,blocks.4.mlp.down_proj.weight,332114,61102,393216,0.8446095784505209
rewa-k9-m2-wd1e-4-lr6e-4-seed0,rewa,0,0.5,blocks.4.mlp.gate_proj.weight,134701,258515,393216,0.34256235758463544
rewa-k9-m2-wd1e-4-lr6e-4-seed0,rewa,0,0.5,blocks.4.mlp.up_proj.weight,134209,259007,393216,0.34131113688151044
rewa-k9-m2-wd1e-4-lr6e-4-seed0,rewa,0,0.5,blocks.5.attn.k_proj.weight,52582,94874,147456,0.3565945095486111
rewa-k9-m2-wd1e-4-lr6e-4-seed0,rewa,0,0.5,blocks.5.attn.o_proj.weight,126478,20978,147456,0.8577338324652778
rewa-k9-m2-wd1e-4-lr6e-4-seed0,rewa,0,0.5,blocks.5.attn.q_proj.weight,53646,93810,147456,0.3638102213541667
rewa-k9-m2-wd1e-4-lr6e-4-seed0,rewa,0,0.5,blocks.5.attn.v_proj.weight,50235,97221,147456,0.3406778971354167
rewa-k9-m2-wd1e-4-lr6e-4-seed0,rewa,0,0.5,blocks.5.mlp.down_proj.weight,329273,63943,393216,0.8373845418294271
rewa-k9-m2-wd1e-4-lr6e-4-seed0,rewa,0,0.5,blocks.5.mlp.gate_proj.weight,135214,258002,393216,0.3438669840494792
rewa-k9-m2-wd1e-4-lr6e-4-seed0,rewa,0,0.5,blocks.5.mlp.up_proj.weight,135823,257393,393216,0.34541575113932294
rewa-k9-m2-wd1e-4-lr6e-4-seed0,rewa,0,0.7,blocks.0.attn.k_proj.weight,85064,62392,147456,0.5768771701388888
rewa-k9-m2-wd1e-4-lr6e-4-seed0,rewa,0,0.7,blocks.0.attn.o_proj.weight,146803,653,147456,0.9955715603298612
rewa-k9-m2-wd1e-4-lr6e-4-seed0,rewa,0,0.7,blocks.0.attn.q_proj.weight,84829,62627,147456,0.5752834743923612
rewa-k9-m2-wd1e-4-lr6e-4-seed0,rewa,0,0.7,blocks.0.attn.v_proj.weight,85701,61755,147456,0.5811971028645834
rewa-k9-m2-wd1e-4-lr6e-4-seed0,rewa,0,0.7,blocks.0.mlp.down_proj.weight,387276,5940,393216,0.984893798828125
rewa-k9-m2-wd1e-4-lr6e-4-seed0,rewa,0,0.7,blocks.0.mlp.gate_proj.weight,225480,167736,393216,0.57342529296875
rewa-k9-m2-wd1e-4-lr6e-4-seed0,rewa,0,0.7,blocks.0.mlp.up_proj.weight,225160,168056,393216,0.5726114908854166
rewa-k9-m2-wd1e-4-lr6e-4-seed0,rewa,0,0.7,blocks.1.attn.k_proj.weight,84931,62525,147456,0.5759752061631944
rewa-k9-m2-wd1e-4-lr6e-4-seed0,rewa,0,0.7,blocks.1.attn.o_proj.weight,146634,822,147456,0.9944254557291666
rewa-k9-m2-wd1e-4-lr6e-4-seed0,rewa,0,0.7,blocks.1.attn.q_proj.weight,85031,62425,147456,0.5766533745659722
rewa-k9-m2-wd1e-4-lr6e-4-seed0,rewa,0,0.7,blocks.1.attn.v_proj.weight,85795,61661,147456,0.5818345811631944
rewa-k9-m2-wd1e-4-lr6e-4-seed0,rewa,0,0.7,blocks.1.mlp.down_proj.weight,387675,5541,393216,0.9859085083007812
rewa-k9-m2-wd1e-4-lr6e-4-seed0,rewa,0,0.7,blocks.1.mlp.gate_proj.weight,225660,167556,393216,0.573883056640625
rewa-k9-m2-wd1e-4-lr6e-4-seed0,rewa,0,0.7,blocks.1.mlp.up_proj.weight,226145,167071,393216,0.5751164754231771
rewa-k9-m2-wd1e-4-lr6e-4-seed0,rewa,0,0.7,blocks.2.attn.k_proj.weight,84899,62557,147456,0.5757581922743056
rewa-k9-m2-wd1e-4-lr6e-4-seed0,rewa,0,0.7,blocks.2.attn.o_proj.weight,146209,1247,147456,0.9915432400173612
rewa-k9-m2-wd1e-4-lr6e-4-seed0,rewa,0,0.7,blocks.2.attn.q_proj.weight,85219,62237,147456,0.5779283311631944
rewa-k9-m2-wd1e-4-lr6e-4-seed0,rewa,0,0.7,blocks.2.attn.v_proj.weight,85515,61941,147456,0.5799357096354166
rewa-k9-m2-wd1e-4-lr6e-4-seed0,rewa,0,0.7,blocks.2.mlp.down_proj.weight,387576,5640,393216,0.98565673828125
rewa-k9-m2-wd1e-4-lr6e-4-seed0,rewa,0,0.7,blocks.2.mlp.gate_proj.weight,225552,167664,393216,0.5736083984375
rewa-k9-m2-wd1e-4-lr6e-4-seed0,rewa,0,0.7,blocks.2.mlp.up_proj.weight,225478,167738,393216,0.5734202067057291
rewa-k9-m2-wd1e-4-lr6e-4-seed0,rewa,0,0.7,blocks.3.attn.k_proj.weight,85070,62386,147456,0.5769178602430556
rewa-k9-m2-wd1e-4-lr6e-4-seed0,rewa,0,0.7,blocks.3.attn.o_proj.weight,146160,1296,147456,0.9912109375
rewa-k9-m2-wd1e-4-lr6e-4-seed0,rewa,0,0.7,blocks.3.attn.q_proj.weight,85100,62356,147456,0.5771213107638888
rewa-k9-m2-wd1e-4-lr6e-4-seed0,rewa,0,0.7,blocks.3.attn.v_proj.weight,85237,62219,147456,0.5780504014756944
rewa-k9-m2-wd1e-4-lr6e-4-seed0,rewa,0,0.7,blocks.3.mlp.down_proj.weight,386824,6392,393216,0.9837443033854166
rewa-k9-m2-wd1e-4-lr6e-4-seed0,rewa,0,0.7,blocks.3.mlp.gate_proj.weight,225820,167396,393216,0.5742899576822916
rewa-k9-m2-wd1e-4-lr6e-4-seed0,rewa,0,0.7,blocks.3.mlp.up_proj.weight,225188,168028,393216,0.5726826985677084
rewa-k9-m2-wd1e-4-lr6e-4-seed0,rewa,0,0.7,blocks.4.attn.k_proj.weight,84689,62767,147456,0.5743340386284722
rewa-k9-m2-wd1e-4-lr6e-4-seed0,rewa,0,0.7,blocks.4.attn.o_proj.weight,145808,1648,147456,0.9888237847222222
rewa-k9-m2-wd1e-4-lr6e-4-seed0,rewa,0,0.7,blocks.4.attn.q_proj.weight,84897,62559,147456,0.57574462890625
rewa-k9-m2-wd1e-4-lr6e-4-seed0,rewa,0,0.7,blocks.4.attn.v_proj.weight,85176,62280,147456,0.57763671875
rewa-k9-m2-wd1e-4-lr6e-4-seed0,rewa,0,0.7,blocks.4.mlp.down_proj.weight,385594,7622,393216,0.9806162516276041
rewa-k9-m2-wd1e-4-lr6e-4-seed0,rewa,0,0.7,blocks.4.mlp.gate_proj.weight,225011,168205,393216,0.5722325642903646
rewa-k9-m2-wd1e-4-lr6e-4-seed0,rewa,0,0.7,blocks.4.mlp.up_proj.weight,224920,168296,393216,0.5720011393229166
rewa-k9-m2-wd1e-4-lr6e-4-seed0,rewa,0,0.7,blocks.5.attn.k_proj.weight,84972,62484,147456,0.5762532552083334
rewa-k9-m2-wd1e-4-lr6e-4-seed0,rewa,0,0.7,blocks.5.attn.o_proj.weight,145533,1923,147456,0.9869588216145834
rewa-k9-m2-wd1e-4-lr6e-4-seed0,rewa,0,0.7,blocks.5.attn.q_proj.weight,84647,62809,147456,0.5740492078993056
rewa-k9-m2-wd1e-4-lr6e-4-seed0,rewa,0,0.7,blocks.5.attn.v_proj.weight,85186,62270,147456,0.5777045355902778
rewa-k9-m2-wd1e-4-lr6e-4-seed0,rewa,0,0.7,blocks.5.mlp.down_proj.weight,383625,9591,393216,0.9756088256835938
rewa-k9-m2-wd1e-4-lr6e-4-seed0,rewa,0,0.7,blocks.5.mlp.gate_proj.weight,224535,168681,393216,0.5710220336914062
rewa-k9-m2-wd1e-4-lr6e-4-seed0,rewa,0,0.7,blocks.5.mlp.up_proj.weight,225158,168058,393216,0.5726064046223959
rewa-k9-m2-wd1e-4-lr6e-4-seed0,rewa,0,0.8,blocks.0.attn.k_proj.weight,105090,42366,147456,0.7126871744791666
rewa-k9-m2-wd1e-4-lr6e-4-seed0,rewa,0,0.8,blocks.0.attn.o_proj.weight,147433,23,147456,0.9998440212673612
rewa-k9-m2-wd1e-4-lr6e-4-seed0,rewa,0,0.8,blocks.0.attn.q_proj.weight,104921,42535,147456,0.7115410698784722
rewa-k9-m2-wd1e-4-lr6e-4-seed0,rewa,0,0.8,blocks.0.attn.v_proj.weight,107791,39665,147456,0.7310045030381944
rewa-k9-m2-wd1e-4-lr6e-4-seed0,rewa,0,0.8,blocks.0.mlp.down_proj.weight,392457,759,393216,0.9980697631835938
rewa-k9-m2-wd1e-4-lr6e-4-seed0,rewa,0,0.8,blocks.0.mlp.gate_proj.weight,281175,112041,393216,0.7150650024414062
rewa-k9-m2-wd1e-4-lr6e-4-seed0,rewa,0,0.8,blocks.0.mlp.up_proj.weight,280630,112586,393216,0.7136789957682291
rewa-k9-m2-wd1e-4-lr6e-4-seed0,rewa,0,0.8,blocks.1.attn.k_proj.weight,104408,43048,147456,0.7080620659722222
rewa-k9-m2-wd1e-4-lr6e-4-seed0,rewa,0,0.8,blocks.1.attn.o_proj.weight,147421,35,147456,0.9997626410590278
rewa-k9-m2-wd1e-4-lr6e-4-seed0,rewa,0,0.8,blocks.1.attn.q_proj.weight,104156,43300,147456,0.7063530815972222
rewa-k9-m2-wd1e-4-lr6e-4-seed0,rewa,0,0.8,blocks.1.attn.v_proj.weight,107774,39682,147456,0.7308892144097222
rewa-k9-m2-wd1e-4-lr6e-4-seed0,rewa,0,0.8,blocks.1.mlp.down_proj.weight,392579,637,393216,0.9983800252278646
rewa-k9-m2-wd1e-4-lr6e-4-seed0,rewa,0,0.8,blocks.1.mlp.gate_proj.weight,281490,111726,393216,0.7158660888671875
rewa-k9-m2-wd1e-4-lr6e-4-seed0,rewa,0,0.8,blocks.1.mlp.up_proj.weight,281790,111426,393216,0.7166290283203125
rewa-k9-m2-wd1e-4-lr6e-4-seed0,rewa,0,0.8,blocks.2.attn.k_proj.weight,104253,43203,147456,0.7070109049479166
rewa-k9-m2-wd1e-4-lr6e-4-seed0,rewa,0,0.8,blocks.2.attn.o_proj.weight,147369,87,147456,0.9994099934895834
rewa-k9-m2-wd1e-4-lr6e-4-seed0,rewa,0,0.8,blocks.2.attn.q_proj.weight,103780,43676,147456,0.7038031684027778
rewa-k9-m2-wd1e-4-lr6e-4-seed0,rewa,0,0.8,blocks.2.attn.v_proj.weight,107277,40179,147456,0.7275187174479166
rewa-k9-m2-wd1e-4-lr6e-4-seed0,rewa,0,0.8,blocks.2.mlp.down_proj.weight,392517,699,393216,0.9982223510742188
rewa-k9-m2-wd1e-4-lr6e-4-seed0,rewa,0,0.8,blocks.2.mlp.gate_proj.weight,281384,111832,393216,0.7155965169270834
rewa-k9-m2-wd1e-4-lr6e-4-seed0,rewa,0,0.8,blocks.2.mlp.up_proj.weight,281264,111952,393216,0.7152913411458334
rewa-k9-m2-wd1e-4-lr6e-4-seed0,rewa,0,0.8,blocks.3.attn.k_proj.weight,104139,43317,147456,0.70623779296875
rewa-k9-m2-wd1e-4-lr6e-4-seed0,rewa,0,0.8,blocks.3.attn.o_proj.weight,147361,95,147456,0.9993557400173612
rewa-k9-m2-wd1e-4-lr6e-4-seed0,rewa,0,0.8,blocks.3.attn.q_proj.weight,103379,44077,147456,0.7010837131076388
rewa-k9-m2-wd1e-4-lr6e-4-seed0,rewa,0,0.8,blocks.3.attn.v_proj.weight,106822,40634,147456,0.7244330512152778
rewa-k9-m2-wd1e-4-lr6e-4-seed0,rewa,0,0.8,blocks.3.mlp.down_proj.weight,392357,859,393216,0.9978154500325521
rewa-k9-m2-wd1e-4-lr6e-4-seed0,rewa,0,0.8,blocks.3.mlp.gate_proj.weight,281305,111911,393216,0.7153956095377604
rewa-k9-m2-wd1e-4-lr6e-4-seed0,rewa,0,0.8,blocks.3.mlp.up_proj.weight,280851,112365,393216,0.7142410278320312
rewa-k9-m2-wd1e-4-lr6e-4-seed0,rewa,0,0.8,blocks.4.attn.k_proj.weight,103964,43492,147456,0.7050509982638888
rewa-k9-m2-wd1e-4-lr6e-4-seed0,rewa,0,0.8,blocks.4.attn.o_proj.weight,147288,168,147456,0.9988606770833334
rewa-k9-m2-wd1e-4-lr6e-4-seed0,rewa,0,0.8,blocks.4.attn.q_proj.weight,103238,44218,147456,0.7001274956597222
rewa-k9-m2-wd1e-4-lr6e-4-seed0,rewa,0,0.8,blocks.4.attn.v_proj.weight,106700,40756,147456,0.7236056857638888
rewa-k9-m2-wd1e-4-lr6e-4-seed0,rewa,0,0.8,blocks.4.mlp.down_proj.weight,391972,1244,393216,0.9968363444010416
rewa-k9-m2-wd1e-4-lr6e-4-seed0,rewa,0,0.8,blocks.4.mlp.gate_proj.weight,279797,113419,393216,0.7115605672200521
rewa-k9-m2-wd1e-4-lr6e-4-seed0,rewa,0,0.8,blocks.4.mlp.up_proj.weight,279721,113495,393216,0.7113672892252604
rewa-k9-m2-wd1e-4-lr6e-4-seed0,rewa,0,0.8,blocks.5.attn.k_proj.weight,103584,43872,147456,0.7024739583333334
rewa-k9-m2-wd1e-4-lr6e-4-seed0,rewa,0,0.8,blocks.5.attn.o_proj.weight,147241,215,147456,0.9985419379340278
rewa-k9-m2-wd1e-4-lr6e-4-seed0,rewa,0,0.8,blocks.5.attn.q_proj.weight,102463,44993,147456,0.6948716905381944
rewa-k9-m2-wd1e-4-lr6e-4-seed0,rewa,0,0.8,blocks.5.attn.v_proj.weight,106525,40931,147456,0.7224188910590278
rewa-k9-m2-wd1e-4-lr6e-4-seed0,rewa,0,0.8,blocks.5.mlp.down_proj.weight,391207,2009,393216,0.9948908487955729
rewa-k9-m2-wd1e-4-lr6e-4-seed0,rewa,0,0.8,blocks.5.mlp.gate_proj.weight,278213,115003,393216,0.7075322469075521
rewa-k9-m2-wd1e-4-lr6e-4-seed0,rewa,0,0.8,blocks.5.mlp.up_proj.weight,278380,114836,393216,0.7079569498697916
rewa-k9-m2-wd1e-4-lr6e-4-seed0,rewa,0,0.9,blocks.0.attn.k_proj.weight,125601,21855,147456,0.8517862955729166
rewa-k9-m2-wd1e-4-lr6e-4-seed0,rewa,0,0.9,blocks.0.attn.o_proj.weight,147456,0,147456,1.0
rewa-k9-m2-wd1e-4-lr6e-4-seed0,rewa,0,0.9,blocks.0.attn.q_proj.weight,125221,22235,147456,0.8492092556423612
rewa-k9-m2-wd1e-4-lr6e-4-seed0,rewa,0,0.9,blocks.0.attn.v_proj.weight,130429,17027,147456,0.8845282660590278
rewa-k9-m2-wd1e-4-lr6e-4-seed0,rewa,0,0.9,blocks.0.mlp.down_proj.weight,393196,20,393216,0.9999491373697916
rewa-k9-m2-wd1e-4-lr6e-4-seed0,rewa,0,0.9,blocks.0.mlp.gate_proj.weight,338919,54297,393216,0.8619155883789062
rewa-k9-m2-wd1e-4-lr6e-4-seed0,rewa,0,0.9,blocks.0.mlp.up_proj.weight,338568,54648,393216,0.86102294921875
rewa-k9-m2-wd1e-4-lr6e-4-seed0,rewa,0,0.9,blocks.1.attn.k_proj.weight,124434,23022,147456,0.8438720703125
rewa-k9-m2-wd1e-4-lr6e-4-seed0,rewa,0,0.9,blocks.1.attn.o_proj.weight,147455,1,147456,0.9999932183159722
rewa-k9-m2-wd1e-4-lr6e-4-seed0,rewa,0,0.9,blocks.1.attn.q_proj.weight,123735,23721,147456,0.8391316731770834
rewa-k9-m2-wd1e-4-lr6e-4-seed0,rewa,0,0.9,blocks.1.attn.v_proj.weight,130301,17155,147456,0.8836602105034722
rewa-k9-m2-wd1e-4-lr6e-4-seed0,rewa,0,0.9,blocks.1.mlp.down_proj.weight,393200,16,393216,0.9999593098958334
rewa-k9-m2-wd1e-4-lr6e-4-seed0,rewa,0,0.9,blocks.1.mlp.gate_proj.weight,339523,53693,393216,0.8634516398111979
rewa-k9-m2-wd1e-4-lr6e-4-seed0,rewa,0,0.9,blocks.1.mlp.up_proj.weight,339705,53511,393216,0.8639144897460938
rewa-k9-m2-wd1e-4-lr6e-4-seed0,rewa,0,0.9,blocks.2.attn.k_proj.weight,124248,23208,147456,0.8426106770833334
rewa-k9-m2-wd1e-4-lr6e-4-seed0,rewa,0,0.9,blocks.2.attn.o_proj.weight,147455,1,147456,0.9999932183159722
rewa-k9-m2-wd1e-4-lr6e-4-seed0,rewa,0,0.9,blocks.2.attn.q_proj.weight,122944,24512,147456,0.8337673611111112
rewa-k9-m2-wd1e-4-lr6e-4-seed0,rewa,0,0.9,blocks.2.attn.v_proj.weight,129416,18040,147456,0.8776584201388888
rewa-k9-m2-wd1e-4-lr6e-4-seed0,rewa,0,0.9,blocks.2.mlp.down_proj.weight,393193,23,393216,0.9999415079752604
rewa-k9-m2-wd1e-4-lr6e-4-seed0,rewa,0,0.9,blocks.2.mlp.gate_proj.weight,339140,54076,393216,0.8624776204427084
rewa-k9-m2-wd1e-4-lr6e-4-seed0,rewa,0,0.9,blocks.2.mlp.up_proj.weight,339077,54139,393216,0.8623174031575521
rewa-k9-m2-wd1e-4-lr6e-4-seed0,rewa,0,0.9,blocks.3.attn.k_proj.weight,124008,23448,147456,0.8409830729166666
rewa-k9-m2-wd1e-4-lr6e-4-seed0,rewa,0,0.9,blocks.3.attn.o_proj.weight,147456,0,147456,1.0
rewa-k9-m2-wd1e-4-lr6e-4-seed0,rewa,0,0.9,blocks.3.attn.q_proj.weight,122290,25166,147456,0.8293321397569444
rewa-k9-m2-wd1e-4-lr6e-4-seed0,rewa,0,0.9,blocks.3.attn.v_proj.weight,129087,18369,147456,0.87542724609375
rewa-k9-m2-wd1e-4-lr6e-4-seed0,rewa,0,0.9,blocks.3.mlp.down_proj.weight,393182,34,393216,0.9999135335286459
rewa-k9-m2-wd1e-4-lr6e-4-seed0,rewa,0,0.9,blocks.3.mlp.gate_proj.weight,338482,54734,393216,0.8608042399088541
rewa-k9-m2-wd1e-4-lr6e-4-seed0,rewa,0,0.9,blocks.3.mlp.up_proj.weight,338570,54646,393216,0.8610280354817709
rewa-k9-m2-wd1e-4-lr6e-4-seed0,rewa,0,0.9,blocks.4.attn.k_proj.weight,123658,23798,147456,0.8386094835069444
rewa-k9-m2-wd1e-4-lr6e-4-seed0,rewa,0,0.9,blocks.4.attn.o_proj.weight,147451,5,147456,0.9999660915798612
rewa-k9-m2-wd1e-4-lr6e-4-seed0,rewa,0,0.9,blocks.4.attn.q_proj.weight,122602,24854,147456,0.8314480251736112
rewa-k9-m2-wd1e-4-lr6e-4-seed0,rewa,0,0.9,blocks.4.attn.v_proj.weight,128733,18723,147456,0.8730265299479166
rewa-k9-m2-wd1e-4-lr6e-4-seed0,rewa,0,0.9,blocks.4.mlp.down_proj.weight,393146,70,393216,0.9998219807942709
rewa-k9-m2-wd1e-4-lr6e-4-seed0,rewa,0,0.9,blocks.4.mlp.gate_proj.weight,336257,56959,393216,0.8551457722981771
rewa-k9-m2-wd1e-4-lr6e-4-seed0,rewa,0,0.9,blocks.4.mlp.up_proj.weight,336565,56651,393216,0.8559290568033854
rewa-k9-m2-wd1e-4-lr6e-4-seed0,rewa,0,0.9,blocks.5.attn.k_proj.weight,122854,24602,147456,0.8331570095486112
rewa-k9-m2-wd1e-4-lr6e-4-seed0,rewa,0,0.9,blocks.5.attn.o_proj.weight,147450,6,147456,0.9999593098958334
rewa-k9-m2-wd1e-4-lr6e-4-seed0,rewa,0,0.9,blocks.5.attn.q_proj.weight,121137,26319,147456,0.8215128580729166
rewa-k9-m2-wd1e-4-lr6e-4-seed0,rewa,0,0.9,blocks.5.attn.v_proj.weight,128699,18757,147456,0.8727959526909722
rewa-k9-m2-wd1e-4-lr6e-4-seed0,rewa,0,0.9,blocks.5.mlp.down_proj.weight,393090,126,393216,0.9996795654296875
rewa-k9-m2-wd1e-4-lr6e-4-seed0,rewa,0,0.9,blocks.5.mlp.gate_proj.weight,333337,59879,393216,0.8477198282877604
rewa-k9-m2-wd1e-4-lr6e-4-seed0,rewa,0,0.9,blocks.5.mlp.up_proj.weight,333879,59337,393216,0.8490982055664062
rewa-k9-m2-wd1e-4-lr6e-4-seed0,rewa,0,0.95,blocks.0.attn.k_proj.weight,136146,11310,147456,0.9232991536458334
rewa-k9-m2-wd1e-4-lr6e-4-seed0,rewa,0,0.95,blocks.0.attn.o_proj.weight,147456,0,147456,1.0
rewa-k9-m2-wd1e-4-lr6e-4-seed0,rewa,0,0.95,blocks.0.attn.q_proj.weight,135728,11728,147456,0.9204644097222222
rewa-k9-m2-wd1e-4-lr6e-4-seed0,rewa,0,0.95,blocks.0.attn.v_proj.weight,140734,6722,147456,0.9544135199652778
rewa-k9-m2-wd1e-4-lr6e-4-seed0,rewa,0,0.95,blocks.0.mlp.down_proj.weight,393216,0,393216,1.0
rewa-k9-m2-wd1e-4-lr6e-4-seed0,rewa,0,0.95,blocks.0.mlp.gate_proj.weight,367686,25530,393216,0.9350738525390625
rewa-k9-m2-wd1e-4-lr6e-4-seed0,rewa,0,0.95,blocks.0.mlp.up_proj.weight,367550,25666,393216,0.9347279866536459
rewa-k9-m2-wd1e-4-lr6e-4-seed0,rewa,0,0.95,blocks.1.attn.k_proj.weight,134868,12588,147456,0.9146321614583334
rewa-k9-m2-wd1e-4-lr6e-4-seed0,rewa,0,0.95,blocks.1.attn.o_proj.weight,147456,0,147456,1.0
rewa-k9-m2-wd1e-4-lr6e-4-seed0,rewa,0,0.95,blocks.1.attn.q_proj.weight,134193,13263,147456,0.9100545247395834
rewa-k9-m2-wd1e-4-lr6e-4-seed0,rewa,0,0.95,blocks.1.attn.v_proj.weight,140703,6753,147456,0.9542032877604166
rewa-k9-m2-wd1e-4-lr6e-4-seed0,rewa,0,0.95,blocks.1.mlp.down_proj.weight,393215,1,393216,0.9999974568684896
rewa-k9-m2-wd1e-4-lr6e-4-seed0,rewa,0,0.95,blocks.1.mlp.gate_proj.weight,368228,24988,393216,0.9364522298177084
rewa-k9-m2-wd1e-4-lr6e-4-seed0,rewa,0,0.95,blocks.1.mlp.up_proj.weight,368103,25113,393216,0.9361343383789062
rewa-k9-m2-wd1e-4-lr6e-4-seed0,rewa,0,0.95,blocks.2.attn.k_proj.weight,134535,12921,147456,0.9123738606770834
rewa-k9-m2-wd1e-4-lr6e-4-seed0,rewa,0,0.95,blocks.2.attn.o_proj.weight,147456,0,147456,1.0
rewa-k9-m2-wd1e-4-lr6e-4-seed0,rewa,0,0.95,blocks.2.attn.q_proj.weight,133161,14295,147456,0.9030558268229166
rewa-k9-m2-wd1e-4-lr6e-4-seed0,rewa,0,0.95,blocks.2.attn.v_proj.weight,140043,7413,147456,0.9497273763020834
rewa-k9-m2-wd1e-4-lr6e-4-seed0,rewa,0,0.95,blocks.2.mlp.down_proj.weight,393213,3,393216,0.9999923706054688
rewa-k9-m2-wd1e-4-lr6e-4-seed0,rewa,0,0.95,blocks.2.mlp.gate_proj.weight,367806,25410,393216,0.9353790283203125
rewa-k9-m2-wd1e-4-lr6e-4-seed0,rewa,0,0.95,blocks.2.mlp.up_proj.weight,367846,25370,393216,0.9354807535807291
rewa-k9-m2-wd1e-4-lr6e-4-seed0,rewa,0,0.95,blocks.3.attn.k_proj.weight,134305,13151,147456,0.9108140733506944
rewa-k9-m2-wd1e-4-lr6e-4-seed0,rewa,0,0.95,blocks.3.attn.o_proj.weight,147456,0,147456,1.0
rewa-k9-m2-wd1e-4-lr6e-4-seed0,rewa,0,0.95,blocks.3.attn.q_proj.weight,132447,15009,147456,0.8982137044270834
rewa-k9-m2-wd1e-4-lr6e-4-seed0,rewa,0,0.95,blocks.3.attn.v_proj.weight,139765,7691,147456,0.9478420681423612
rewa-k9-m2-wd1e-4-lr6e-4-seed0,rewa,0,0.95,blocks.3.mlp.down_proj.weight,393216,0,393216,1.0
rewa-k9-m2-wd1e-4-lr6e-4-seed0,rewa,0,0.95,blocks.3.mlp.gate_proj.weight,367034,26182,393216,0.9334157307942709
rewa-k9-m2-wd1e-4-lr6e-4-seed0,rewa,0,0.95,blocks.3.mlp.up_proj.weight,367215,26001,393216,0.9338760375976562
rewa-k9-m2-wd1e-4-lr6e-4-seed0,rewa,0,0.95,blocks.4.attn.k_proj.weight,134053,13403,147456,0.9091050889756944
rewa-k9-m2-wd1e-4-lr6e-4-seed0,rewa,0,0.95,blocks.4.attn.o_proj.weight,147456,0,147456,1.0
rewa-k9-m2-wd1e-4-lr6e-4-seed0,rewa,0,0.95,blocks.4.attn.q_proj.weight,132804,14652,147456,0.900634765625
rewa-k9-m2-wd1e-4-lr6e-4-seed0,rewa,0,0.95,blocks.4.attn.v_proj.weight,139389,8067,147456,0.9452921549479166
rewa-k9-m2-wd1e-4-lr6e-4-seed0,rewa,0,0.95,blocks.4.mlp.down_proj.weight,393212,4,393216,0.9999898274739584
rewa-k9-m2-wd1e-4-lr6e-4-seed0,rewa,0,0.95,blocks.4.mlp.gate_proj.weight,364893,28323,393216,0.9279708862304688
rewa-k9-m2-wd1e-4-lr6e-4-seed0,rewa,0,0.95,blocks.4.mlp.up_proj.weight,365254,27962,393216,0.9288889567057291
rewa-k9-m2-wd1e-4-lr6e-4-seed0,rewa,0,0.95,blocks.5.attn.k_proj.weight,133121,14335,147456,0.9027845594618056
rewa-k9-m2-wd1e-4-lr6e-4-seed0,rewa,0,0.95,blocks.5.attn.o_proj.weight,147456,0,147456,1.0
rewa-k9-m2-wd1e-4-lr6e-4-seed0,rewa,0,0.95,blocks.5.attn.q_proj.weight,131269,16187,147456,0.8902248806423612
rewa-k9-m2-wd1e-4-lr6e-4-seed0,rewa,0,0.95,blocks.5.attn.v_proj.weight,139248,8208,147456,0.9443359375
rewa-k9-m2-wd1e-4-lr6e-4-seed0,rewa,0,0.95,blocks.5.mlp.down_proj.weight,393208,8,393216,0.9999796549479166
rewa-k9-m2-wd1e-4-lr6e-4-seed0,rewa,0,0.95,blocks.5.mlp.gate_proj.weight,361623,31593,393216,0.9196548461914062
rewa-k9-m2-wd1e-4-lr6e-4-seed0,rewa,0,0.95,blocks.5.mlp.up_proj.weight,362224,30992,393216,0.9211832682291666
